<?xml version="1.0" encoding="utf-8" standalone="yes"?>
<!-- Aeon MQ 5 Helix 6.1.9 -->

<window id="5200">
	<defaultcontrol>7010</defaultcontrol>
	<coordinates>
		<system>1</system>
		<posx>0</posx>
		<posy>0</posy>
	</coordinates>
	<controls>
		<control type="image">
			<include>WindowBG</include>
			<texture fallback="special://skin/backgrounds/games.jpg" background="true">$INFO[skin.string(games.bg)]</texture>
		</control>
		<control type="group"><!-- default group -->
			<include>Animation_Window</include>
			<include>SettingsBack</include><!-- Menu da direita -->
			<control type="label">
				<include>SettingsContentTitle</include>
				<label>$ADDON[script.games.rom.collection.browser 32999] - $ADDON[script.games.rom.collection.browser 32600]</label>
			</control>

			<!-- Settings List -->
			<control type="group" id="7010">
				<posx>240</posx>
				<posy>120</posy>
				<width>1040</width>
				<height>494</height>
				<!-- Offline scrapers -->
				<control type="group" id="7004">
					<!-- Scraper List -->
					<control type="list" id="5600">
						<hitrect x="0" y="0" w="0" h="0" />
						<posx>0</posx>
						<posy>0</posy>
						<width>1040</width>
						<height>40</height>
						<onleft>5600</onleft>
						<onright>5600</onright>
						<onup>5600</onup>
						<ondown>5600</ondown>
						<enable>false</enable>
						<pagecontrol>-</pagecontrol>
						<scrolltime>0</scrolltime>
						<itemlayout height="1" width="1040">
						</itemlayout>
						<focusedlayout height="40" width="1040">
							<control type="image">
								<posx>0</posx>
								<posy>0</posy>
								<width>1040</width>
								<height>40</height>
								<texture>settings_button_focus.png</texture>
								<visible>[Control.HasFocus(5601) | Control.HasFocus(5602)]</visible>
							</control>
							<control type="label">
								<posx>50</posx>
								<posy>0</posy>
								<width>200</width>
								<height>40</height>
								<font>Font_18</font>
								<textcolor>FFFFFAF0</textcolor>
								<align>left</align>
								<aligny>center</aligny>
								<label>$ADDON[script.games.rom.collection.browser 32701]</label>
								<visible>![Control.HasFocus(5601) | Control.HasFocus(5602)]</visible>
							</control>
							<control type="label">
								<posx>50</posx>
								<posy>0</posy>
								<width>200</width>
								<height>40</height>
								<font>Font_18</font>
								<textcolor>E4101010</textcolor>
								<align>left</align>
								<aligny>center</aligny>
								<label>$ADDON[script.games.rom.collection.browser 32700]</label>
								<visible>[Control.HasFocus(5601) | Control.HasFocus(5602)]</visible>
							</control>
							<control type="label">
								<posx>545</posx>
								<posy>0</posy>
								<width>370</width>
								<height>40</height>
								<font>Font_18</font>
								<textcolor>FFFFFAF0</textcolor>
								<align>right</align>
								<aligny>center</aligny>
								<label>$INFO[ListItem.Label]</label>
								<visible>![Control.HasFocus(5601) | Control.HasFocus(5602)]</visible>
							</control>
							<control type="label">
								<posx>545</posx>
								<posy>0</posy>
								<width>370</width>
								<height>40</height>
								<font>Font_18</font>
								<textcolor>E4101010</textcolor>
								<align>right</align>
								<aligny>center</aligny>
								<label>$INFO[ListItem.Label]</label>
								<visible>[Control.HasFocus(5601) | Control.HasFocus(5602)]</visible>
							</control>
						</focusedlayout>
					</control>
					<control type="button" id="5601">
						<description>Menu Item Next Button</description>
						<posx>927</posx>
						<posy>-11</posy>
						<width>40</width>
						<height>65</height>
						<label>-</label>
						<font>-</font>
						<texturenofocus>spindown.png</texturenofocus>
						<texturefocus>spindown_focus.png</texturefocus>
						<onclick>Control.Move(5600,1)</onclick>
						<onleft>7000</onleft>
						<onright>5602</onright>
						<onup>5101</onup>
						<ondown>5550</ondown>
					</control>
					<control type="button" id="5602">
						<description>Menu Item Prev Button</description>
						<posx>967</posx>
						<posy>-11</posy>
						<width>40</width>
						<height>65</height>
						<label>-</label>
						<font>-</font>
						<texturenofocus>spinup.png</texturenofocus>
						<texturefocus>spinup_focus.png</texturefocus>
						<onclick>Control.Move(5600,-1)</onclick>
						<onleft>5601</onleft>
						<onright>6000</onright>
						<onup>5101</onup>
						<ondown>5550</ondown>
					</control>

					<!-- descfile per game -->
					<control type="radiobutton" id="5550">
						<posx>0</posx>
						<posy>49</posy>
						<label>$ADDON[script.games.rom.collection.browser 32702]</label>
						<onleft>7000</onleft>
						<onright>6000</onright>
						<onup>5601</onup>
						<ondown>5520</ondown>
						<onclick>Skin.ToggleSetting(rcb_editScraper_descFilePerGame)</onclick>
					</control>
					<!-- Path game desc -->
					<control type="button" id="5520">
						<description>Path game desc</description>
						<posx>0</posx>
						<posy>98</posy>
						<visible>true</visible>
						<label>$INFO[ListItem.Label]</label>
						<align>right</align>
						<aligny>center</aligny>
						<onup>5550</onup>
						<ondown>5530</ondown>
						<onleft>7000</onleft>
						<onright>6000</onright>
					</control>
					<control type="label">
						<posx>50</posx>
						<posy>98</posy>
						<width>200</width>
						<height>40</height>
						<font>Font_18</font>
						<textcolor>FFFFFAF0</textcolor>
						<align>left</align>
						<aligny>center</aligny>
						<label>$ADDON[script.games.rom.collection.browser 32703]</label>
						<visible>!Control.HasFocus(5520)</visible>
					</control>
					<control type="label">
						<posx>50</posx>
						<posy>98</posy>
						<width>200</width>
						<height>40</height>
						<font>Font_18</font>
						<textcolor>E4101010</textcolor>
						<align>left</align>
						<aligny>center</aligny>
						<label>$ADDON[script.games.rom.collection.browser 32703]</label>
						<visible>Control.HasFocus(5520)</visible>
					</control>

					<!-- Game desc file mask -->
					<control type="button" id="5530">
						<description>Game desc file mask</description>
						<posx>0</posx>
						<posy>147</posy>
						<visible>true</visible>
						<label>$INFO[ListItem.Label]</label>
						<align>right</align>
						<aligny>center</aligny>
						<onup>5520</onup>
						<ondown>5540</ondown>
						<onleft>7000</onleft>
						<onright>6000</onright>
						<enable>Skin.HasSetting(rcb_editScraper_descFilePerGame)</enable>
						<animation reversible="false" effect="fade" end="50" time="0" condition="!Skin.HasSetting(rcb_editScraper_descFilePerGame)">Conditional</animation>
					</control>
					<control type="label">
						<posx>50</posx>
						<posy>147</posy>
						<width>260</width>
						<height>40</height>
						<font>Font_18</font>
						<textcolor>FFFFFAF0</textcolor>
						<align>left</align>
						<aligny>center</aligny>
						<label>$ADDON[script.games.rom.collection.browser 32704]</label>
						<animation reversible="false" effect="fade" end="50" time="0" condition="!Skin.HasSetting(rcb_editScraper_descFilePerGame)">Conditional</animation>
						<visible>!Control.HasFocus(5530)</visible>
					</control>
					<control type="label">
						<posx>50</posx>
						<posy>147</posy>
						<width>260</width>
						<height>40</height>
						<font>Font_18</font>
						<textcolor>E4101010</textcolor>
						<align>left</align>
						<aligny>center</aligny>
						<label>$ADDON[script.games.rom.collection.browser 32704]</label>
						<animation reversible="false" effect="fade" end="50" time="0" condition="!Skin.HasSetting(rcb_editScraper_descFilePerGame)">Conditional</animation>
						<visible>Control.HasFocus(5530)</visible>
					</control>

					<!-- Parse instruction -->
					<control type="radiobutton" id="5540">
						<description>Parse instruction</description>
						<posx>0</posx>
						<posy>196</posy>
						<visible>true</visible>
						<label>$INFO[ListItem.Label]</label>
						<align>right</align>
						<aligny>center</aligny>
						<onup>5530</onup>
						<ondown>5560</ondown>
						<onleft>7000</onleft>
						<onright>6000</onright>
					</control>
					<control type="label">
						<posx>50</posx>
						<posy>196</posy>
						<width>200</width>
						<height>40</height>
						<font>Font_18</font>
						<textcolor>FFFFFAF0</textcolor>
						<align>left</align>
						<aligny>center</aligny>
						<label>$ADDON[script.games.rom.collection.browser 32705]</label>
						<visible>!Control.HasFocus(5540)</visible>
					</control>
					<control type="label">
						<posx>50</posx>
						<posy>196</posy>
						<width>200</width>
						<height>40</height>
						<font>Font_18</font>
						<textcolor>E4101010</textcolor>
						<align>left</align>
						<aligny>center</aligny>
						<label>$ADDON[script.games.rom.collection.browser 32705]</label>
						<visible>Control.HasFocus(5540)</visible>
					</control>
					<!-- Search by crc -->
					<control type="radiobutton" id="5560">
						<posx>0</posx>
						<posy>245</posy>
						<label>$ADDON[script.games.rom.collection.browser 32706]</label>
						<onleft>7000</onleft>
						<onright>6000</onright>
						<onup>5540</onup>
						<ondown>5580</ondown>
					</control>
					<!-- Use foldername as crc -->
					<control type="radiobutton" id="5580">
						<posx>0</posx>
						<posy>294</posy>
						<label>$ADDON[script.games.rom.collection.browser 32707]</label>
						<onleft>7000</onleft>
						<onright>6000</onright>
						<onup>5560</onup>
						<ondown>5590</ondown>
					</control>
					<!-- Use filename as crc -->
					<control type="radiobutton" id="5590">
						<posx>0</posx>
						<posy>343</posy>
						<label>$ADDON[script.games.rom.collection.browser 32708]</label>
						<onleft>7000</onleft>
						<onright>6000</onright>
						<onup>5580</onup>
						<ondown>5610</ondown>
					</control>
					<!-- Remoce scraper -->
					<control type="button" id="5610"> 
						<description>Remove scraper</description>
						<posx>0</posx>
						<posy>392</posy>
						<visible>true</visible>
						<label>$ADDON[script.games.rom.collection.browser 32709]</label>
						<align>left</align>
						<aligny>center</aligny>
						<onup>5590</onup>
						<ondown>5620</ondown>
						<onleft>7000</onleft>
						<onright>6000</onright>
					</control>
					<!-- Add scraper -->
					<control type="button" id="5620">
						<description>Add scraper</description>
						<posx>0</posx>
						<posy>441</posy>
						<visible>true</visible>
						<label>$ADDON[script.games.rom.collection.browser 32710]</label>
						<align>left</align>
						<aligny>center</aligny>
						<onup>5610</onup>
						<ondown>6000</ondown>
						<onleft>7000</onleft>
						<onright>6000</onright>
					</control>
				</control>
			</control>
			<control type="image">
				<posx>240</posx>
				<posy>622</posy>
				<width>1040</width>
				<height>40</height>
				<texture>darkgrey.png</texture>
				<colordiffuse>$VAR[value_texturecolor]</colordiffuse>
				<animation effect="fade" end="85" condition="true">Conditional</animation>
			</control>
			<control type="grouplist" id="9001">
				<posx>240</posx>
				<posy>622</posy>
				<itemgap>0</itemgap>
				<onup>7000</onup>
				<ondown>7000</ondown>
				<orientation>horizontal</orientation>
				<control type="button" id="6000"><!-- OK -->
					<width>520</width>
					<include>SettingsBottomButton</include>
					<label>$ADDON[script.games.rom.collection.browser 32634]</label>
				</control>
				<control type="button" id="6010"><!-- Cancel -->
					<width>520</width>
					<include>SettingsBottomButton</include>
					<label>$ADDON[script.games.rom.collection.browser 32635]</label>
				</control>
			</control>
			<include>RSS</include>
			<include>SettingsMenu</include><!-- Menu da esquerda -->
			<include>Date</include>
			<control type="label">
				<include>SettingsSectionTitle</include>
				<label>31202</label>
			</control>
			<control type="list" id="7000">
				<posx>0</posx>
				<posy>120</posy>
				<width>249</width>
				<height>600</height>
				<onleft>7010</onleft>
				<onright>7010</onright>
				<orientation>vertical</orientation>
				<itemgap>0</itemgap>
				<focusposition>0</focusposition>
				<scrolltime>400</scrolltime>
				<itemlayout width="240" height="40">
					<control type="label">
						<include>SettingsLabel</include>
						<label>$INFO[ListItem.Label]</label>
					</control>
				</itemlayout>
				<focusedlayout width="240" height="40">
					<control type="image">
						<include>SettingsImage</include>
						<animation effect="fade" start="100" end="50" time="0" condition="!Control.Hasfocus(7000)">conditional</animation>
					</control>
					<control type="label">
						<include>SettingsLabelFocus</include>
						<label>$INFO[ListItem.Label]</label>
					</control>
				</focusedlayout>
				<content>
					<item id="1">
						<label>$ADDON[script.games.rom.collection.browser 32700]</label>
						<onclick>noop</onclick>
					</item>
				</content>
			</control>
		</control>
		<include>BGBlack</include>
	</controls>
</window>