<?xml version="1.0" encoding="UTF-8"?>
<!-- Aeon MQ 5 Helix 6.1.9 ShelfCase -->

<includes>
	<!--##################################################################################   VISTA SHELFCASE - ID 69   ##################################################################################-->
	<include name="ViewShelfCase">
		<control type="group"><!-- default group -->
			<animation effect="fade" time="400">VisibleChange</animation>
			<visible>Control.IsVisible(69)</visible>
			<control type="group">
				<animation effect="slide" time="1000" start="-800,0" end="0,0" tween="cubic" easing="out">WindowOpen</animation>
				<animation effect="slide" time="700" start="0,0" end="-800,0" tween="cubic" easing="out">WindowClose</animation>
				<animation effect="slide" time="1000" start="0,600" end="0,0" tween="cubic" easing="out">Visible</animation>
				<animation effect="fade" time="200" start="100" end="0">Hidden</animation>
				<control type="fixedlist" id="69">
					<viewtype label="31878">list</viewtype>
					<posx>-30</posx>
					<posy>210</posy>
					<height>615</height>
					<width>1900</width>
					<onleft>69</onleft>
					<onright>69</onright>
					<onup>9900</onup>
					<ondown>80</ondown>
					<orientation>horizontal</orientation>
					<focusposition>3</focusposition>
					<scrolltime>400</scrolltime>
					<preloaditems>2</preloaditems>
					<pagecontrol>80</pagecontrol>
					<camera x="1340" y="380" />
					<animation effect="rotatey" center="50" start="8" end="8" time="0" condition="true">Conditional</animation>
					<animation effect="slide" start="0,0" end="0,-8" time="300" tween="sine" easing="out" condition="Control.HasFocus(80)">Conditional</animation>
					<visible>![Container.Content(episodes) | Container.Content(years)]</visible>
					<itemlayout width="176" height="245" condition="Window.IsActive(25) | Window.IsActive(28) | Window.IsActive(1)">
						<control type="group">
							<posx>150</posx>
							<posy>0</posy>
							<!-- Case reflection -->
							<control type="image">
								<posx>-154</posx>
								<posy>347</posy>
								<width>184</width>
								<height>261</height>
								<texture flipy="true" diffuse="thumb_shelf_reflect_case.png">$VAR[value_videocase0]</texture>
								<fadetime>200</fadetime>
								<aspectratio>stretch</aspectratio>
							</control>
							<!-- Poster reflection -->
							<control type="image">
								<posx>-140</posx>
								<posy>365</posy>
								<width>150</width>
								<height>205</height>
								<texture flipy="true" diffuse="thumb_shelf_reflect_poster.png" fallback="DefaultVideoPoster.png" background="true">$VAR[value_poster]</texture>
								<fadetime>200</fadetime>
								<aspectratio>stretch</aspectratio>
							</control>
							<!-- Poster -->
							<!-- MikeBZH44 Resize and move poster, remove diffuse -->
							<control type="image">
								<posx>-140</posx>
								<posy>154</posy>
								<width>147</width>
								<height>207</height>
								<texture fallback="DefaultVideoPoster.png" background="true">$VAR[value_poster]</texture>
								<fadetime>200</fadetime>
								<aspectratio>stretch</aspectratio>
							</control>
							<!-- MikeBZH44 Add case and codec -->
							<!-- Case -->
							<control type="image">
								<posx>-154</posx>
								<posy>120</posy>
								<width>184</width>
								<height>261</height>
								<texture>$VAR[value_videocase0]</texture>
								<fadetime>200</fadetime>
								<aspectratio align="center" aligny="bottom">stretch</aspectratio>
							</control>
							<!-- Codec -->
							<control type="image">
								<posx>-85</posx>
								<posy>132</posy>
								<width>36</width>
								<height>22</height>
								<texture>$VAR[value_videocodec0]</texture>
								<fadetime>200</fadetime>
								<aspectratio align="center" aligny="bottom">stretch</aspectratio>
							</control>
							<!-- MikeBZH44 End -->
							<control type="image">
								<posx>-32</posx>
								<posy>153</posy>
								<width>40</width>
								<height>40</height>
								<texture>$VAR[value_watchedstyle]</texture>
								<colordiffuse>$VAR[value_watchedcolor]</colordiffuse>
								<visible>!Skin.HasSetting(nooverlays) + StringCompare(ListItem.Overlay,OverlayWatched.png)</visible>
							</control>
						</control>
					</itemlayout>
					<focusedlayout width="220" height="515" condition="Window.IsActive(25) | Window.IsActive(28) | Window.IsActive(1)">
						<control type="group">
							<posx>140</posx>
							<posy>0</posy>
							<!-- Case reflection -->
							<control type="image">
								<posx>-162</posx>
								<posy>358</posy>
								<width>244</width>
								<height>328</height>
								<texture flipy="true" diffuse="thumb_shelf_reflect_case.png">$VAR[value_videocase0]</texture>
								<fadetime>200</fadetime>
								<aspectratio scalediffuse="false">stretch</aspectratio>
								<animation type="Focus" reversible="false">
									<effect type="zoom" center="60,238" start="80" end="100" time="600" tween="cubic" easing="out" />
								</animation>
							</control>
							<!-- Poster reflection -->
							<control type="image">
								<posx>-145</posx>
								<posy>385</posy>
								<width>200</width>
								<height>258</height>
								<texture flipy="true" diffuse="thumb_shelf_reflect_poster.png" fallback="DefaultVideoPoster.png" background="true">$VAR[value_poster]</texture>
								<fadetime>200</fadetime>
								<aspectratio scalediffuse="false">stretch</aspectratio>
								<animation type="Focus" reversible="false">
									<effect type="zoom" center="60,238" start="80" end="100" time="600" tween="cubic" easing="out" />
								</animation>
							</control>
							<!-- Poster  -->
							<!-- MikeBZH44 Resize and move poster, remove diffuse Add animation -->
							<control type="image">
								<posx>-145</posx>
								<posy>117</posy>
								<width>196</width>
								<height>258</height>
								<texture fallback="DefaultVideoPoster.png" background="true">$VAR[value_poster]</texture>
								<fadetime>200</fadetime>
								<aspectratio scalediffuse="false">stretch</aspectratio>
								<animation type="Focus" reversible="false">
									<effect type="zoom" center="60,238" start="80" end="100" time="600" tween="cubic" easing="out" />
								</animation>
							</control>
							<!-- MikeBZH44 Add case and codec -->
							<!-- Case -->
							<control type="image">
								<posx>-162</posx>
								<posy>75</posy>
								<width>244</width>
								<height>328</height>
								<texture>$VAR[value_videocase0]</texture>
								<fadetime>200</fadetime>
								<aspectratio align="center" aligny="bottom">stretch</aspectratio>
								<animation type="Focus" reversible="false">
									<effect type="zoom" center="60,238" start="80" end="100" time="600" tween="cubic" easing="out" />
								</animation>
							</control>
							<!-- Codec -->
							<control type="image">
								<posx>-67</posx>
								<posy>87</posy>
								<width>46</width>
								<height>32</height>
								<texture>$VAR[value_videocodec0]</texture>
								<fadetime>200</fadetime>
								<aspectratio align="center" aligny="bottom">stretch</aspectratio>
								<animation type="Focus" reversible="false">
									<effect type="zoom" center="60,238" start="80" end="100" time="600" tween="cubic" easing="out" />
								</animation>
							</control>
							<!-- MikeBZH44 End -->
							<control type="image">
								<posx>2</posx>
								<posy>117</posy>
								<width>50</width>
								<height>50</height>
								<texture>$VAR[value_watchedstyle]</texture>
								<colordiffuse>$VAR[value_watchedcolor]</colordiffuse>
								<animation type="Focus" reversible="false">
									<effect type="zoom" center="60,238" start="80" end="100" time="600" tween="cubic" easing="out" />
								</animation>
								<visible>!Skin.HasSetting(nooverlays) + StringCompare(ListItem.Overlay,OverlayWatched.png)</visible>
							</control>
						</control>
					</focusedlayout>
					<itemlayout width="176" height="245" condition="Window.IsActive(500) | Window.IsActive(501) | Window.IsActive(502)">
						<control type="group">
							<posx>150</posx>
							<posy>60</posy>
							<control type="image">
								<posx>-149</posx>
								<posy>131</posy>
								<width>162</width>
								<height>162</height>
								<texture>thumb_cdmask_diffuse.png</texture>
							</control>
							<control type="image">
								<posx>-149</posx>
								<posy>131</posy>
								<width>162</width>
								<height>162</height>
								<texture diffuse="thumb_cdmask_diffuse.png" background="true">$VAR[value_poster]</texture>
								<fadetime>200</fadetime>
								<aspectratio scalediffuse="false">stretch</aspectratio>
							</control>
							<control type="image">
								<posx>-150</posx>
								<posy>290</posy>
								<width>162</width>
								<height>162</height>
								<texture flipy="true">thumb_shelf_border_diffuse.png</texture>
								<fadetime>200</fadetime>
								<colordiffuse>89FFFFFF</colordiffuse>
								<aspectratio scalediffuse="false">stretch</aspectratio>
								<animation effect="fade" start="0" end="30" time="0" condition="true">Conditional</animation>
							</control>
							<control type="image">
								<posx>-150</posx>
								<posy>290</posy>
								<width>162</width>
								<height>162</height>
								<texture flipy="true" diffuse="thumb_cdmask_diffuse.png" background="true">$VAR[value_poster]</texture>
								<fadetime>200</fadetime>
								<colordiffuse>89FFFFFF</colordiffuse>
								<aspectratio scalediffuse="false">stretch</aspectratio>
								<visible>!Container.Content(Genres)</visible>
							</control>
						</control>
					</itemlayout>
					<focusedlayout width="220" height="515" condition="Window.IsActive(500) | Window.IsActive(501) | Window.IsActive(502)">
						<control type="group">
							<posx>140</posx>
							<posy>60</posy>
							<control type="image">
								<posx>-148</posx>
								<posy>90</posy>
								<width>211</width>
								<height>211</height>
								<texture>thumb_cdmask_diffuse.png</texture>
								<fadetime>200</fadetime>
								<aspectratio scalediffuse="false">stretch</aspectratio>
								<animation type="Focus" reversible="false">
									<effect type="zoom" center="60,238" start="80" end="100" time="600" tween="cubic" easing="out" />
								</animation>
							</control>
							<control type="image">
								<posx>-148</posx>
								<posy>302</posy>
								<width>211</width>
								<height>211</height>
								<texture flipy="true">thumb_cdmask_diffuse.png</texture>
								<colordiffuse>ff000000</colordiffuse>
								<aspectratio scalediffuse="false">stretch</aspectratio>
								<animation type="Focus" reversible="false">
									<effect type="zoom" center="60,238" start="80" end="100" time="600" tween="cubic" easing="out" />
									<effect type="fade" start="0" end="100" time="600" />
								</animation>
							</control>
							<control type="image">
								<posx>-148</posx>
								<posy>90</posy>
								<width>211</width>
								<height>211</height>
								<texture diffuse="thumb_cdmask_diffuse.png" background="true">$VAR[value_poster]</texture>
								<fadetime>200</fadetime>
								<aspectratio scalediffuse="false">stretch</aspectratio>
								<animation type="Focus" reversible="false">
									<effect type="zoom" center="60,238" start="80" end="100" time="600" tween="cubic" easing="out" />
								</animation>
							</control>
							<control type="image">
								<posx>-146</posx>
								<posy>298</posy>
								<width>211</width>
								<height>211</height>
								<texture flipy="true">thumb_cdmask_diffuse.png</texture>
								<fadetime>200</fadetime>
								<aspectratio scalediffuse="false">stretch</aspectratio>
								<animation type="Focus" reversible="false">
									<effect type="zoom" center="60,238" start="80" end="100" time="600" tween="cubic" easing="out" />
									<effect type="fade" start="0" end="30" time="600" />
								</animation>
							</control>
							<control type="image">
								<posx>-148</posx>
								<posy>298</posy>
								<width>211</width>
								<height>211</height>
								<texture flipy="true" diffuse="thumb_cdmask_diffuse.png" background="true">$VAR[value_poster]</texture>
								<fadetime>200</fadetime>
								<aspectratio scalediffuse="false">stretch</aspectratio>
								<animation type="Focus" reversible="false">
									<effect type="zoom" center="60,238" start="80" end="100" time="600" tween="cubic" easing="out" />
									<effect type="fade" start="0" end="70" time="600" />
								</animation>
							</control>
						</control>
					</focusedlayout>
				</control>
			</control>
			<control type="scrollbar" id="80">
				<include>ScrollBar_Horizontal</include>
				<posx>305</posx>
				<posy>613</posy>
				<width>670</width>
				<onup>63</onup>
				<ondown>9920</ondown>
				<include>Animation_Fade</include>
				<visible allowhiddenfocus="true">Control.IsVisible(69) + Control.HasFocus(80)</visible>
			</control>

			<control type="group"><!-- START CDART -->
				<camera x="1340" y="380" />
				<animation effect="rotatey" center="50" start="8" end="8" time="0" condition="true">Conditional</animation>
				<animation effect="slide" start="0,0" end="0,-8" time="300" tween="sine" easing="out" condition="Control.HasFocus(80)">Conditional</animation>
				<visible>Window.IsActive(25) + Control.IsVisible(9923)</visible>
				<control type="image">
					<posx>650</posx>
					<posy>410</posy>
					<width>200</width>
					<height>200</height>
					<texture diffuse="cdart_diffuse.png" background="true">$INFO[ListItem.Art(discart)]</texture>
					<fadetime>FanartCrossFadeTime</fadetime>
					<aspectratio align="center" aligny="center">keep</aspectratio>
					<animation effect="rotate" start="0" end="-360" center="auto" time="40000" delay="5000" loop="true" reversible="false" condition="!Player.HasVideo">Conditional</animation>
					<include>Animation_ViewsCDart</include>
				</control>
				<control type="image">
					<posx>650</posx>
					<posy>410</posy>
					<width>200</width>
					<height>200</height>
					<texture diffuse="cdart_diffuse.png" background="true">$INFO[Window(0).Property(Set.Movie.1.Art(discart))]</texture>
					<fadetime>FanartCrossFadeTime</fadetime>
					<aspectratio align="center" aligny="center">keep</aspectratio>
					<animation effect="rotate" start="0" end="-360" center="auto" time="40000" delay="5000" loop="true" condition="!Player.HasVideo">Conditional</animation>
					<include>Animation_ViewsCDart</include>
					<visible>!IsEmpty(Window(0).Property(Set.Movie.1.Art(discart)))</visible>
				</control>
				<control type="image">
					<posx>760</posx>
					<posy>410</posy>
					<width>200</width>
					<height>200</height>
					<texture diffuse="cdart_diffuse.png" background="true">$INFO[Window(0).Property(Set.Movie.2.Art(discart))]</texture>
					<fadetime>FanartCrossFadeTime</fadetime>
					<aspectratio align="center" aligny="center">keep</aspectratio>
					<animation effect="rotate" start="0" end="-360" center="auto" time="40000" delay="5000" loop="true" reversible="false" condition="!Player.HasVideo">Conditional</animation>
					<include>Animation_ViewsCDart</include>
					<visible>!IsEmpty(Window(0).Property(Set.Movie.2.Art(discart)))</visible>
				</control>
				<control type="image">
					<posx>870</posx>
					<posy>410</posy>
					<width>200</width>
					<height>200</height>
					<texture diffuse="cdart_diffuse.png" background="true">$INFO[Window(0).Property(Set.Movie.3.Art(discart))]</texture>
					<fadetime>FanartCrossFadeTime</fadetime>
					<aspectratio align="center" aligny="center">keep</aspectratio>
					<animation effect="rotate" start="0" end="-360" center="auto" time="40000" delay="5000" loop="true" reversible="false" condition="!Player.HasVideo">Conditional</animation>
					<include>Animation_ViewsCDart</include>
					<visible>!IsEmpty(Window(0).Property(Set.Movie.3.Art(discart)))</visible>
				</control>
			</control><!-- END CDART-->


			<control type="group"><!--START CDART REFLECT-->
				<camera x="1340" y="380" />
				<animation effect="rotatey" center="50" start="8" end="8" time="0" condition="true">Conditional</animation>
				<animation effect="slide" start="0,0" end="0,-8" time="300" tween="sine" easing="out" condition="Control.HasFocus(80)">Conditional</animation>
				<visible>Window.IsActive(25) + Control.IsVisible(9923)</visible>
				<control type="image">
					<posx>650</posx>
					<posy>605</posy>
					<width>200</width>
					<height>200</height>
					<texture flipy="true" diffuse="cdart_diffuse.png" background="true">$INFO[ListItem.Art(discart)]</texture>
					<colordiffuse>30FFFFFF</colordiffuse>
					<fadetime>FanartCrossFadeTime</fadetime>
					<aspectratio align="center" aligny="center">keep</aspectratio>
					<animation effect="rotate" start="0" end="360" center="auto" time="40000" delay="5000" loop="true" reversible="false" condition="!Player.HasVideo">Conditional</animation>
					<include>Animation_ViewsCDart</include>
				</control>
				<control type="image">
					<posx>650</posx>
					<posy>605</posy>
					<width>200</width>
					<height>200</height>
					<texture flipy="true" diffuse="cdart_diffuse.png" background="true">$INFO[Window(0).Property(Set.Movie.1.Art(discart))]</texture>
					<colordiffuse>30FFFFFF</colordiffuse>
					<fadetime>FanartCrossFadeTime</fadetime>
					<aspectratio align="center" aligny="center">keep</aspectratio>
					<animation effect="rotate" start="0" end="360" center="auto" time="40000" delay="5000" loop="true" condition="!Player.HasVideo">Conditional</animation>
					<include>Animation_ViewsCDart</include>
					<visible>!IsEmpty(Window(0).Property(Set.Movie.1.Art(discart)))</visible>
				</control>
				<control type="image">
					<posx>760</posx>
					<posy>605</posy>
					<width>200</width>
					<height>200</height>
					<texture flipy="true" diffuse="cdart_diffuse.png" background="true">$INFO[Window(0).Property(Set.Movie.2.Art(discart))]</texture>
					<colordiffuse>30FFFFFF</colordiffuse>
					<fadetime>FanartCrossFadeTime</fadetime>
					<aspectratio align="center" aligny="center">keep</aspectratio>
					<animation effect="rotate" start="0" end="360" center="auto" time="40000" delay="5000" loop="true" reversible="false" condition="!Player.HasVideo">Conditional</animation>
					<include>Animation_ViewsCDart</include>
					<visible>!IsEmpty(Window(0).Property(Set.Movie.2.Art(discart)))</visible>
				</control>
				<control type="image">
					<posx>870</posx>
					<posy>605</posy>
					<width>200</width>
					<height>200</height>
					<texture flipy="true" diffuse="cdart_diffuse.png" background="true">$INFO[Window(0).Property(Set.Movie.3.Art(discart))]</texture>
					<colordiffuse>30FFFFFF</colordiffuse>
					<fadetime>FanartCrossFadeTime</fadetime>
					<aspectratio align="center" aligny="center">keep</aspectratio>
					<animation effect="rotate" start="0" end="360" center="auto" time="40000" delay="5000" loop="true" reversible="false" condition="!Player.HasVideo">Conditional</animation>
					<include>Animation_ViewsCDart</include>
					<visible>!IsEmpty(Window(0).Property(Set.Movie.3.Art(discart)))</visible>
				</control>
			</control><!-- END MODIF CDART REFLECT-->

		</control>
	</include>
</includes>