	<!-- Aeon MQ 5 Helix 6.1.8 -->

<window>
	<defaultcontrol always="true">2</defaultcontrol>
	<coordinates>
		<system>1</system>
	</coordinates>
	<include>Animation_DialogPopup</include>
	<controls>
		<control type="image">
			<posx>110</posx>
			<posy>0</posy>
			<width>30</width>
			<height>720</height>
			<texture flipx="true">shadow.png</texture>
			<colordiffuse>C3FFFFFF</colordiffuse>
		</control>
		<control type="image">
			<posx>1140</posx>
			<posy>0</posy>
			<width>30</width>
			<height>720</height>
			<texture>shadow.png</texture>
			<colordiffuse>C3FFFFFF</colordiffuse>
		</control>
		<control type="image">
			<posx>140</posx>
			<posy>0</posy>
			<width>1000</width>
			<height>720</height>
			<texture>darkgrey.png</texture>
			<colordiffuse>$VAR[value_texturecolor]</colordiffuse>
			<include>Animation_DefaultGlass</include>
		</control>
		<control type="image">
			<posx>140</posx>
			<posy>0</posy>
			<width>1000</width>
			<height>80</height>
			<texture>black.png</texture>
			<colordiffuse>90FFFFFF</colordiffuse>
		</control>
		<control type="label">
			<posx>215</posx>
			<posy>23</posy>
			<width>852</width>
			<height>30</height>
			<label>$LOCALIZE[298]</label>
			<font>Font_32</font>
			<textcolor>FFFFFAF0</textcolor>
			<align>center</align>
			<aligny>center</aligny>
			<include>Animation_Fade</include>
		</control>
		<control type="panel" id="11">
			<viewtype label="536">icon</viewtype>
			<posx>140</posx>
			<posy>120</posy>
			<width>1000</width>
			<height>430</height>
			<onleft>2</onleft>
			<onright>80</onright>
			<ondown>2</ondown>
			<onup>2</onup>
			<scrolltime>200</scrolltime>	
			<pagecontrol>80</pagecontrol>
			<orientation>vertical</orientation>
			<itemlayout height="215" width="250">
				<control type="image">
					<posx>2</posx>
					<posy>2</posy>
					<width>245</width>
					<height>211</height>
					<texture border="3">black.png</texture>
					<colordiffuse>C3FFFFFF</colordiffuse>
				</control>
				<control type="image">
					<posx>7</posx>
					<posy>7</posy>
					<width>235</width>
					<height>165</height>
					<aspectratio>scale</aspectratio>
					<info>ListItem.Icon</info>
				</control>
				<control type="label">
					<posx>0</posx>
					<posy>185</posy>
					<width>225</width>
					<height>15</height>
					<font>Font_18A</font>
					<include>listcolor</include>
					<align>center</align>
					<aligny>center</aligny>
					<info>ListItem.Label</info>
				</control>
			</itemlayout>
			<focusedlayout height="215" width="250">
				<control type="image">
					<posx>2</posx>
					<posy>2</posy>
					<width>245</width>
					<height>211</height>
					<texture border="3">grey.png</texture>
					<colordiffuse>90FFFFFF</colordiffuse>
				</control>
				<control type="image">
					<posx>7</posx>
					<posy>7</posy>
					<width>235</width>
					<height>165</height>
					<aspectratio>scale</aspectratio>
					<info>ListItem.Icon</info>
				</control>
				<control type="label">
					<posx>0</posx>
					<posy>185</posy>
					<width>225</width>
					<height>15</height>
					<font>Font_18A</font>
					<include>listcolorfocus</include>
					<align>center</align>
					<aligny>center</aligny>
					<info>ListItem.Label</info>
				</control>
			</focusedlayout>
		</control>
		<control type="image">
			<posx>140</posx>
			<posy>635</posy>
			<width>1000</width>
			<height>40</height>
			<texture>black.png</texture>
			<colordiffuse>90FFFFFF</colordiffuse>
		</control>
		<control type="grouplist" id="9000">
			<posx>140</posx>
			<posy>635</posy>
			<width>1000</width>
			<height>40</height>
			<itemgap>0</itemgap>
			<orientation>horizontal</orientation>
			<onleft>9000</onleft>
			<onright>9000</onright>
			<onup>11</onup>
			<ondown>11</ondown>
			<control type="button" id="2"><!-- Create Bookmark -->
				<align>center</align>
				<label>294</label>
				<width>333</width>
			</control>
			<control type="button" id="3"><!-- Clear Bookmark -->
				<description>Clear Bookmark button</description>
				<align>center</align>
				<label>296</label>
				<width>333</width>
			</control>
			<control type="button" id="4"><!-- Create Episode Bookmark -->
				<align>center</align>
				<label>20406</label>
				<width>333</width>
				<visible>VideoPlayer.Content(episodes)</visible>
			</control>
		</control>
		<control type="scrollbar" id="80">
			<include>ScrollBar_Vertical</include>
			<posx>1140</posx>
			<posy>115</posy>
			<height>440</height>
			<onleft>11</onleft>
			<onright>11</onright>
			<include>Animation_Fade</include>
			<visible allowhiddenfocus="true">Control.HasFocus(80)</visible>
		</control>
		<control type="label">
			<posx>1125</posx>
			<posy>590</posy>
			<width>300</width>
			<height>35</height>
			<font>Font_18A</font>
			<align>right</align>
			<aligny>center</aligny>
			<scroll>true</scroll>
			<textcolor>$VAR[value_headercolor]</textcolor>
			<label>$INFO[Container(11).NumItems] $LOCALIZE[31210] - $LOCALIZE[31215] $INFO[Container(11).CurrentPage]/$INFO[Container(11).NumPages]</label>
		</control>
	</controls>
</window>
