	<!-- Aeon MQ 5 Helix 6.1.6/6.1.9 -->

<includes>
	<!--##################################################################################   VISTA ShowCase - ID 66   ##################################################################################-->
	<include name="EpisodeShowCaseThumbDimensions">
		<posx>-148</posx>
		<posy>93</posy>
		<width>234</width>
		<height>144</height>
	</include>
	<include name="EpisodeShowCaseThumbReflection">
		<include>EpisodeShowCaseThumbReflectionDimensions</include>
		<texture background="true" flipy="true" diffuse="thumb_cdcover_mask_cdart.png">DefaultVideo.png</texture>
		<aspectratio scalediffuse="false">scale</aspectratio>
		<animation effect="fade" start="50" end="50" time="0" condition="true">Conditional</animation>
	</include>
	<include name="EpisodeShowCaseThumbReflectionDimensions">
		<posx>-148</posx>
		<posy>238</posy>
		<width>234</width>
		<height>144</height>
	</include>
	<include name="ShowCasePoster">
		<posx>49</posx>
		<posy>8</posy>
		<width>173</width>
		<height>254</height>
		<aspectratio align="center" aligny="bottom">stretch</aspectratio>
	</include>
	<include name="ShowCasePosterReflect">
		<posx>49</posx>
		<posy>263</posy>
		<width>173</width>
		<height>254</height>
		<aspectratio align="center" aligny="top">stretch</aspectratio>
		<colordiffuse>50FFFFFF</colordiffuse>
	</include>
	<include name="WatchedShowCase">
		<posx>189</posx>
		<posy>6</posy>
		<width>35</width>
		<height>35</height>
		<texture>$VAR[value_watchedstyle]</texture>
		<colordiffuse>$VAR[value_watchedcolor]</colordiffuse>
		<visible>!Skin.HasSetting(nooverlays)</visible>
	</include>
	<include name="ShowCaseThumbReflect">
		<posx>56</posx>
		<posy>267</posy>
		<width>152</width>
		<height>212</height>
		<aspectratio align="center" aligny="top">scale</aspectratio>
	</include>
	<include name="ShowCaseThumbCaseReflect">
		<posx>42</posx>
		<posy>246</posy>
		<width>189</width>
		<height>260</height>
	</include>	
	<include name="ShowCaseCase">
		<posx>56</posx>
		<posy>43</posy>
		<width>152</width>
		<height>212</height>
		<aspectratio align="center" aligny="bottom">stretch</aspectratio>
	</include>
	<include name="ShowCaseCodec">
		<posx>116</posx>
		<posy>18</posy>
		<width>38</width>
		<height>38</height>
		<align>center</align>
		<aligny>center</aligny>
		<aspectratio>keep</aspectratio>
	</include>
	<include name="ShowCaseThumbCase">
		<posx>42</posx>
		<posy>14</posy>
		<width>189</width>
		<height>260</height>
	</include>
	<include name="WatchedShowCaseCase">
		<posx>174</posx>
		<posy>47</posy>
		<width>35</width>
		<height>35</height>
		<texture>$VAR[value_watchedstyle]</texture>
		<colordiffuse>$VAR[value_watchedcolor]</colordiffuse>
		<animation effect="slide" start="0,0" end="2,-11" time="800" tween="cubic" easing="inout" condition="Skin.HasSetting(flattenshowcase)">Conditional</animation>
		<visible>!Skin.HasSetting(nooverlays)</visible>
	</include>
	<include name="ShowCaseCaseFlat">
		<posx>56</posx>
		<posy>37</posy>
		<width>155</width>
		<height>220</height>
		<aspectratio align="center" aligny="bottom">stretch</aspectratio>
	</include>
	<include name="ShowCaseCodecFlat">
		<posx>114</posx>
		<posy>2</posy>
		<width>46</width>
		<height>46</height>
		<align>center</align>
		<aligny>center</aligny>
		<aspectratio>keep</aspectratio>
	</include>
	<include name="ShowCaseThumbCaseFlat">
		<posx>42</posx>
		<posy>0</posy>
		<width>191</width>
		<height>279</height>
		<aspectratio>stretch</aspectratio>
	</include>
	<include name="ShowCaseThumbReflectFlat">
		<posx>56</posx>
		<posy>273</posy>
		<width>155</width>
		<height>219</height>
		<aspectratio align="center" aligny="top">scale</aspectratio>
	</include>
	<include name="ShowCaseThumbCaseReflectFlat">
		<posx>42</posx>
		<posy>250</posy>
		<width>191</width>
		<height>279</height>
		<aspectratio>stretch</aspectratio>
	</include>	
	<include name="ShowCaseLabel_Fanart">
		<posx>0</posx>
		<height>20</height>
		<width>345</width>
		<font>Font_18A</font>
		<aligny>top</aligny>
		<align>left</align>
		<textcolor>$VAR[value_headercolor]</textcolor>
		<textoffsetx>0</textoffsetx>
		<textoffsety>0</textoffsety>
		<scroll>true</scroll>
	</include>
	<include name="ShowCaseLabel_Extrathumbs">
		<posx>300</posx>
		<width>315</width>
		<height>13</height>
		<font>Font_18A</font>
		<textcolor>$VAR[value_headercolor]</textcolor>
	</include>
	<include name="ShowCaseValue_Extrathumbs">
		<posx>300</posx>
		<width>315</width>
		<height>13</height>
		<align>left</align>
		<font>Font_18A</font>
		<textcolor>FFFFFAF0</textcolor>
		<scroll>true</scroll>
		<scrollout>false</scrollout>
	</include>
	<include name="MovieShowCaseFixedList">
		<control type="fixedlist" id="66">
			<include>MovieShowCase_List_Content</include>
		</control>
	</include>
	<include name="MovieShowCaseWrapList">
		<control type="wraplist" id="66">
			<include>MovieShowCase_List_Content</include>
		</control>
	</include>
	<include name="MovieShowCase_List_Content">
		<viewtype label="31802">list</viewtype>
		<posx>-83</posx>
		<posy>360</posy>
		<width>1446</width>
		<height>350</height>
		<onleft>66</onleft>
		<onright>66</onright>
		<onup condition="StringCompare(skin.string(showcasevideopanel),manual) + !StringCompare(ListItem.Label,..)">9966</onup>
		<onup condition="![StringCompare(skin.string(showcasevideopanel),manual) + !StringCompare(ListItem.Label,..)]">9900</onup>
		<ondown>80</ondown>
		<pagecontrol>80</pagecontrol>
		<orientation>horizontal</orientation>
		<focusposition>3</focusposition>
		<preloaditems>2</preloaditems>
		<scrolltime>450</scrolltime>
		<visible>![Container.Content(episodes) | Container.Content(years)]</visible>
		<itemlayout height="380" width="196" condition="Window.IsActive(25) + !Container.Content(episodes) | Window.IsActive(1)">
			<control type="group">
				<visible>[Skin.HasSetting(noshowcasevideocase) | Window.IsActive(1)]</visible>
				<control type="image"><!-- Poster reflexo -->
					<include>ShowCasePosterReflect</include>
					<texture flipy="true" diffuse="thumb_poster_reflect.png" fallback="DefaultVideoPoster.png" background="true">$VAR[value_poster]</texture>
					<visible>[Skin.HasSetting(flattenshowcase) + [Window.IsActive(25) | Window.IsActive(1)] | Skin.HasSetting(flattenshowcasemusic) + [Window.IsActive(500) | Window.IsActive(501) | Window.IsActive(502)]] + !Control.IsVisible(6000)</visible>
				</control>
				<control type="image"><!-- Poster -->
					<include>ShowCasePoster</include>
					<texture diffuse="thumb_poster_diffuse.png" fallback="DefaultVideoPoster.png" background="true">$VAR[value_poster]</texture>
					<visible>[Skin.HasSetting(flattenshowcase) + [Window.IsActive(25) | Window.IsActive(1)] | Skin.HasSetting(flattenshowcasemusic) + [Window.IsActive(500) | Window.IsActive(501) | Window.IsActive(502)]] + !Control.IsVisible(6000)</visible>
				</control>
				<control type="image">
					<include>WatchedShowCase</include>
					<visible>StringCompare(ListItem(0).Overlay,OverlayWatched.png) + [Skin.HasSetting(flattenshowcase) + [Window.IsActive(25) | Window.IsActive(1)] | Skin.HasSetting(flattenshowcasemusic) + [Window.IsActive(500) | Window.IsActive(501) | Window.IsActive(502)]] + !Control.IsVisible(6000)</visible>
				</control>
			</control>
			<control type="group">
				<visible>![Skin.HasSetting(noshowcasevideocase) | Window.IsActive(1)]</visible>
				<control type="image"><!-- Poster reflexo -->	
					<include>ShowCaseThumbReflectFlat</include>
					<texture flipy="true" diffuse="thumb_reflect.png" fallback="DefaultVideoPoster.png" background="true">$VAR[value_poster]</texture>
					<visible>[Skin.HasSetting(flattenshowcase) + [Window.IsActive(25) | Window.IsActive(1)] | Skin.HasSetting(flattenshowcasemusic) + [Window.IsActive(500) | Window.IsActive(501) | Window.IsActive(502)]] + !Control.IsVisible(6000)</visible>
				</control>
				<control type="image"><!-- Poster + Estojo Reflexo -->
					<include>ShowCaseThumbCaseReflectFlat</include>
					<texture flipy="true" diffuse="thumb_box_reflect.png" fallback="DefaultVideoPoster.png" background="true">$VAR[value_videocase0]</texture>
					<visible>[Skin.HasSetting(flattenshowcase) + [Window.IsActive(25) | Window.IsActive(1)] | Skin.HasSetting(flattenshowcasemusic) + [Window.IsActive(500) | Window.IsActive(501) | Window.IsActive(502)]] + !Control.IsVisible(6000)</visible>
				</control>
				<control type="image"><!-- Poster + Estojo -->
					<include>ShowCaseCaseFlat</include>
					<texture fallback="DefaultVideoPoster.png" background="true">$VAR[value_poster]</texture>
					<visible>[Skin.HasSetting(flattenshowcase) + [Window.IsActive(25) | Window.IsActive(1)] | Skin.HasSetting(flattenshowcasemusic) + [Window.IsActive(500) | Window.IsActive(501) | Window.IsActive(502)]] + !Control.IsVisible(6000)</visible>
				</control>
				<control type="image">
					<include>WatchedShowCaseCase</include>
					<visible>StringCompare(ListItem(0).Overlay,OverlayWatched.png) + [Skin.HasSetting(flattenshowcase) + [Window.IsActive(25) | Window.IsActive(1)] | Skin.HasSetting(flattenshowcasemusic) + [Window.IsActive(500) | Window.IsActive(501) | Window.IsActive(502)]] + !Control.IsVisible(6000)</visible>
				</control>
				<control type="image"><!-- Estojo -->
					<include>ShowCaseThumbCaseFlat</include>
					<texture>$VAR[value_videocase0]</texture>
					<visible>[Skin.HasSetting(flattenshowcase) + [Window.IsActive(25) | Window.IsActive(1)] | Skin.HasSetting(flattenshowcasemusic) + [Window.IsActive(500) | Window.IsActive(501) | Window.IsActive(502)]] + !Control.IsVisible(6000)</visible>
				</control>
				<control type="image"><!-- Codec -->
					<include>ShowCaseCodecFlat</include>
					<texture>$VAR[value_videocodec0]</texture>
					<visible>[Skin.HasSetting(flattenshowcase) + [Window.IsActive(25) | Window.IsActive(1)] | Skin.HasSetting(flattenshowcasemusic) + [Window.IsActive(500) | Window.IsActive(501) | Window.IsActive(502)]] + !Control.IsVisible(6000)</visible>
				</control>
			</control>
		</itemlayout>
		<focusedlayout height="380" width="196" condition="Window.IsActive(25) + !Container.Content(episodes) | Window.IsActive(1)">
			<control type="group">
				<animation effect="zoom" start="100" end="110" center="135,205" time="400" easing="out" reversible="false" tween="cubic">Focus</animation>
				<animation effect="zoom" start="110" end="100" center="135,205" time="400" easing="out" reversible="false" tween="cubic" condition="!Control.HasFocus(66) + [Skin.HasSetting(flattenshowcase) + [Container.Content(movies) | Container.Content(musicvideos) | Container.Content(tvshows) | Container.Content(seasons) | Window.IsActive(1)] | !Window.IsActive(videolibrary) + !Window.IsActive(videofiles) + Skin.HasSetting(flattenshowcasemusic)]">Unfocus</animation>
				<control type="group">
					<visible>[Skin.HasSetting(noshowcasevideocase) | Window.IsActive(1)]</visible>
					<control type="image"><!-- Poster reflexo -->
						<include>ShowCasePosterReflect</include>
						<texture flipy="true" diffuse="thumb_poster_reflect.png" fallback="DefaultVideoPoster.png" background="true">$VAR[value_poster]</texture>
						<visible>[Skin.HasSetting(flattenshowcase) + [Window.IsActive(25) | Window.IsActive(1)] | Skin.HasSetting(flattenshowcasemusic) + [Window.IsActive(500) | Window.IsActive(501) | Window.IsActive(502)]] + !Control.IsVisible(6000)</visible>
					</control>
					<control type="image"><!-- Poster -->
						<include>ShowCasePoster</include>
						<texture diffuse="thumb_poster_diffuse.png" fallback="DefaultVideoPoster.png" background="true">$VAR[value_poster]</texture>
						<visible>[Skin.HasSetting(flattenshowcase) + [Window.IsActive(25) | Window.IsActive(1)] | Skin.HasSetting(flattenshowcasemusic) + [Window.IsActive(500) | Window.IsActive(501) | Window.IsActive(502)]] + !Control.IsVisible(6000)</visible>
					</control>
					<control type="image">
						<include>WatchedShowCase</include>
						<visible>StringCompare(ListItem(0).Overlay,OverlayWatched.png) + [Skin.HasSetting(flattenshowcase) + [Window.IsActive(25) | Window.IsActive(1)] | Skin.HasSetting(flattenshowcasemusic) + [Window.IsActive(500) | Window.IsActive(501) | Window.IsActive(502)]] + !Control.IsVisible(6000)</visible>
					</control>
				</control>
				<control type="group">
					<visible>![Skin.HasSetting(noshowcasevideocase) | Window.IsActive(1)]</visible>
					<control type="image"><!-- Poster reflexo -->	
						<include>ShowCaseThumbReflectFlat</include>
						<texture flipy="true" diffuse="thumb_reflect.png" fallback="DefaultVideoPoster.png" background="true">$VAR[value_poster]</texture>
						<visible>[Skin.HasSetting(flattenshowcase) + [Window.IsActive(25) | Window.IsActive(1)] | Skin.HasSetting(flattenshowcasemusic) + [Window.IsActive(500) | Window.IsActive(501) | Window.IsActive(502)]] + !Control.IsVisible(6000)</visible>
					</control>
					<control type="image"><!-- Poster + Estojo Reflexo -->
						<include>ShowCaseThumbCaseReflectFlat</include>
						<texture flipy="true" diffuse="thumb_box_reflect.png" fallback="DefaultVideoPoster.png" background="true">$VAR[value_videocase0]</texture>
						<visible>[Skin.HasSetting(flattenshowcase) + [Window.IsActive(25) | Window.IsActive(1)] | Skin.HasSetting(flattenshowcasemusic) + [Window.IsActive(500) | Window.IsActive(501) | Window.IsActive(502)]] + !Control.IsVisible(6000)</visible>
					</control>
					<control type="image"><!-- Poster + Estojo -->
						<include>ShowCaseCaseFlat</include>
						<texture fallback="DefaultVideoPoster.png" background="true">$VAR[value_poster]</texture>
						<visible>[Skin.HasSetting(flattenshowcase) + [Window.IsActive(25) | Window.IsActive(1)] | Skin.HasSetting(flattenshowcasemusic) + [Window.IsActive(500) | Window.IsActive(501) | Window.IsActive(502)]] + !Control.IsVisible(6000)</visible>
					</control>
					<control type="image">
						<include>WatchedShowCaseCase</include>
						<visible>StringCompare(ListItem(0).Overlay,OverlayWatched.png) + [Skin.HasSetting(flattenshowcase) + [Window.IsActive(25) | Window.IsActive(1)] | Skin.HasSetting(flattenshowcasemusic) + [Window.IsActive(500) | Window.IsActive(501) | Window.IsActive(502)]] + !Control.IsVisible(6000)</visible>
					</control>
					<control type="image"><!-- Estojo -->
						<include>ShowCaseThumbCaseFlat</include>
						<texture>$VAR[value_videocase0]</texture>
						<visible>[Skin.HasSetting(flattenshowcase) + [Window.IsActive(25) | Window.IsActive(1)] | Skin.HasSetting(flattenshowcasemusic) + [Window.IsActive(500) | Window.IsActive(501) | Window.IsActive(502)]] + !Control.IsVisible(6000)</visible>
					</control>
					<control type="image"><!-- Codec -->
						<include>ShowCaseCodecFlat</include>
						<texture>$VAR[value_videocodec0]</texture>
						<visible>[Skin.HasSetting(flattenshowcase) + [Window.IsActive(25) | Window.IsActive(1)] | Skin.HasSetting(flattenshowcasemusic) + [Window.IsActive(500) | Window.IsActive(501) | Window.IsActive(502)]] + !Control.IsVisible(6000)</visible>
					</control>
				</control>
			</control>
		</focusedlayout>
		<itemlayout height="350" width="250" condition="[Container.Content(episodes) + Skin.HasSetting(flattenshowcase)]">
			<control type="image">
				<include>EpisodeShowCaseThumbDimensions</include>
				<texture diffuse="thumb_tvmask.png" background="true">$VAR[value_poster]</texture>
				<aspectratio scalediffuse="false">scale</aspectratio>
				<visible>Skin.HasSetting(flattenshowcase) + [Container.Content(movies) | Container.Content(musicvideos) | Container.Content(episodes)]</visible>
			</control>
			<control type="image">
				<include>EpisodeShowCaseThumbDimensions</include>
				<texture diffuse="thumb_tvmask.png" background="true">$INFO[ListItem.Art(fanart)]</texture>
				<aspectratio scalediffuse="false">scale</aspectratio>
				<visible>[Skin.HasSetting(flattenshowcase) + [Container.Content(movies) | Container.Content(musicvideos)]]</visible>
			</control>
			<control type="image">
				<include>EpisodeShowCaseThumbReflection</include>
				<texture background="true">$VAR[value_poster]</texture>
				<visible>Skin.HasSetting(flattenshowcase) + [Container.Content(movies) | Container.Content(musicvideos) | Container.Content(episodes)]</visible>
			</control>
			<control type="image">
				<posx>37</posx>
				<posy>90</posy>
				<width>50</width>
				<height>50</height>
				<texture>$VAR[value_watchedstyle]</texture>
				<colordiffuse>$VAR[value_watchedcolor]</colordiffuse>
				<visible>StringCompare(ListItem(0).Overlay,OverlayWatched.png) + Skin.HasSetting(flattenshowcase) + [Container.Content(movies) | Container.Content(musicvideos) | Container.Content(episodes) | Window.IsActive(1)] + !Skin.HasSetting(nooverlays)</visible>
			</control>
		</itemlayout>
		<focusedlayout height="350" width="250" condition="[Container.Content(episodes) + Skin.HasSetting(flattenshowcase)]">
			<control type="group">
				<animation effect="zoom" start="100" end="140" center="-35,180" time="400" easing="out" reversible="false" tween="cubic">Focus</animation>
				<animation effect="zoom" start="140" end="100" center="-35,180" time="400" easing="out" reversible="false" tween="cubic" condition="!Control.HasFocus(66) + [[[Skin.HasSetting(flattenshowcase) + [Container.Content(movies) | Container.Content(musicvideos) | Container.Content(tvshows) | Container.Content(seasons) | Container.Content(episodes)]] | [!Window.IsActive(videolibrary) + !Window.IsActive(videofiles) + Skin.HasSetting(flattenshowcasemusic)]]]">Unfocus</animation>
				<control type="image">
					<include>EpisodeShowCaseThumbDimensions</include>
					<texture diffuse="thumb_tvmask.png" background="true">$VAR[value_poster]</texture>
					<aspectratio scalediffuse="false">scale</aspectratio>
					<visible>[Skin.HasSetting(flattenshowcase) + [Container.Content(tvshows) | Container.Content(seasons) | Container.Content(episodes)] | !Window.IsActive(videolibrary) + !Window.IsActive(videofiles) + Skin.HasSetting(flattenshowcasemusic)]</visible>
				</control>
				<control type="image">
					<include>EpisodeShowCaseThumbDimensions</include>
					<texture diffuse="thumb_tvmask.png" background="true">$INFO[ListItem.Art(fanart)]</texture>
					<aspectratio scalediffuse="false">scale</aspectratio>
					<visible>Skin.HasSetting(flattenshowcase) + [Container.Content(movies) | Container.Content(musicvideos)]</visible>
				</control>
				<control type="image">
					<include>EpisodeShowCaseThumbReflection</include>
					<texture diffuse="thumb_tvmask.png" background="true">$VAR[value_poster]</texture>
					<visible>[Skin.HasSetting(flattenshowcase) + [Container.Content(tvshows) | Container.Content(seasons) | Container.Content(episodes)] | !Window.IsActive(videolibrary) + !Window.IsActive(videofiles) + Skin.HasSetting(flattenshowcasemusic)]</visible>
				</control>
				<control type="image">
					<posx>37</posx>
					<posy>90</posy>
					<width>50</width>
					<height>50</height>
					<texture>$VAR[value_watchedstyle]</texture>
					<colordiffuse>$VAR[value_watchedcolor]</colordiffuse>
					<visible>StringCompare(ListItem(0).Overlay,OverlayWatched.png) + Skin.HasSetting(flattenshowcase) + [Container.Content(movies) | Container.Content(musicvideos) | Container.Content(episodes) | Window.IsActive(1)] + !Skin.HasSetting(nooverlays)</visible>
				</control>
			</control>
		</focusedlayout>
	</include>

	<include name="ShowCaseMovies">
		<control type="group">
			<control type="group" id="6001">
				<posy>360</posy>
				<camera x="640" y="540"/>
				<visible>Container.OnNext + !StringCompare(container(66).numitems,1) + ![Skin.HasSetting(flattenshowcase) + [Container.Content(movies) | Container.Content(musicvideos) | Container.Content(tvshows) | Container.Content(seasons) | Container.Content(seasons) | Container.Content(episodes) | Window.IsActive(1)]]</visible>
				<animation effect="slide" end="-90,0" time="210" reversible="false">Hidden</animation>
				<control type="group"><!-- -7 -->
					<posx>10</posx>
					<visible>Container.OnNext</visible>
					<visible>!IsEmpty(Container(66).ListItemNoWrap(-7).label) | !Skin.HasSetting(ShowCasefixedlist)</visible>
					<animation effect="fade" start="100" end="0" time="210" reversible="false">Hidden</animation>
					<animation effect="rotatey" center="-90" start="-55" end="-55" time="0" condition="true">Conditional</animation>
					<include>VideoShowCaseThumb-7</include>
				</control>
				<control type="group"><!-- -6 -->
					<posx>100</posx>
					<visible>!IsEmpty(Container(66).ListItemNoWrap(-6).label) | !Skin.HasSetting(ShowCasefixedlist)</visible>
					<animation effect="rotatey" center="0" start="-55" end="-55" time="0" condition="true">Conditional</animation>
					<include>VideoShowCaseThumb-6</include>
				</control>
				<control type="group"><!-- -5 -->
					<posx>190</posx>
					<visible>!IsEmpty(Container(66).ListItemNoWrap(-5).label) | !Skin.HasSetting(ShowCasefixedlist)</visible>
					<animation effect="rotatey" center="90" start="-55" end="-55" time="0" condition="true">Conditional</animation>
					<include>VideoShowCaseThumb-5</include>
				</control>
				<control type="group"><!-- -4 -->
					<posx>280</posx>
					<visible>!IsEmpty(Container(66).ListItemNoWrap(-4).label) | !Skin.HasSetting(ShowCasefixedlist)</visible>
					<animation effect="rotatey" center="180" start="-55" end="-55" time="0" condition="true">Conditional</animation>
					<include>VideoShowCaseThumb-4</include>
				</control>
				<control type="group"><!-- -3 -->
					<posx>370</posx>
					<visible>!IsEmpty(Container(66).ListItemNoWrap(-3).label) | !Skin.HasSetting(ShowCasefixedlist)</visible>
					<animation effect="rotatey" center="270" start="-55" end="-55" time="0" condition="true">Conditional</animation>
					<include>VideoShowCaseThumb-3</include>
				</control>
				<control type="group"><!-- -2 -->
					<posx>460</posx>
					<visible>!IsEmpty(Container(66).ListItemNoWrap(-2).label) | !Skin.HasSetting(ShowCasefixedlist)</visible>
					<animation effect="rotatey" center="360" start="-55" end="-55" time="0" condition="true">Conditional</animation>
					<include>VideoShowCaseThumb-2</include>
				</control>
				<control type="group"><!-- 9 - fix to load poster -->
					<posx>1180</posx>
					<visible>!Container.OnNext</visible>
					<visible>!IsEmpty(Container(66).ListItemNoWrap(9).label) | !Skin.HasSetting(ShowCasefixedlist)</visible>
					<animation effect="fade" start="0" end="0" delay="0" time="0" reversible="false">Visible</animation>
					<control type="group">
						<visible>[Skin.HasSetting(noshowcasevideocase) | Window.IsActive(1)]</visible>
						<control type="image"><!-- Poster/Icon mode -->
							<include>ShowCasePoster</include>
							<texture fallback="DefaultVideoPoster.png" diffuse="thumb_poster_diffuse.png" background="true">$VAR[value_poster9]</texture>
						</control>
						<control type="image"><!-- reflect mode -->
							<include>ShowCasePosterReflect</include>
							<texture flipy="true" fallback="DefaultVideoPoster.png" diffuse="thumb_poster_reflect.png" background="true">$VAR[value_poster9]</texture>
						</control>
					</control>
					<control type="group">
						<visible>!Skin.HasSetting(noshowcasevideocase) + ![Container.Content(genres) | Window.IsActive(1)]</visible>
						<control type="image"><!-- Poster/Icon mode -->
							<include>ShowCaseCase</include>
							<texture fallback="DefaultVideoPoster.png" background="true">$VAR[value_poster9]</texture>
						</control>
						<control type="image"><!-- reflect mode -->
							<include>ShowCaseThumbCaseReflect</include>
							<texture flipy="true" diffuse="thumb_reflect.png" fallback="DefaultVideoPoster.png" background="true">$VAR[value_poster9]</texture>
						</control>
					</control>
				</control>
				<control type="group"><!-- 8 - fix to load poster -->
					<posx>1180</posx>
					<visible>!Container.OnNext</visible>
					<animation effect="fade" start="0" end="0" delay="0" time="0" reversible="false">Visible</animation>
					<control type="group">
						<control type="image"><!-- Poster/Icon mode -->
							<include>ShowCasePoster</include>
							<texture fallback="DefaultVideoPoster.png" diffuse="thumb_poster_diffuse.png" background="true">$VAR[value_poster8]</texture>
						</control>
						<control type="image"><!-- reflect mode -->
							<include>ShowCasePosterReflect</include>
							<texture flipy="true" fallback="DefaultVideoPoster.png" diffuse="thumb_poster_reflect.png" background="true">$VAR[value_poster8]</texture>
						</control>
					</control>
					<control type="group">
						<visible>!Skin.HasSetting(noshowcasevideocase) + ![Container.Content(genres) | Window.IsActive(1)]</visible>
						<control type="image"><!-- Poster/Icon mode -->
							<include>ShowCaseCase</include>
							<texture fallback="DefaultVideoPoster.png" background="true">$VAR[value_poster8]</texture>
						</control>
						<control type="image"><!-- reflect mode -->
							<include>ShowCaseThumbCaseReflect</include>
							<texture flipy="true" diffuse="thumb_reflect.png" fallback="DefaultVideoPoster.png" background="true">$VAR[value_poster8]</texture>
						</control>
					</control>
				</control>
				<control type="group"><!-- 7 -->
					<posx>1180</posx>
					<visible>!Container.OnNext</visible>
					<animation effect="fade" start="0" end="0" delay="0" time="0" reversible="false">Visible</animation>
					<control type="group">
						<control type="image"><!-- Icon mode -->
							<include condition="[Skin.HasSetting(noshowcasevideocase) | Window.IsActive(1)]">ShowCasePoster</include>
							<include condition="!Skin.HasSetting(noshowcasevideocase) + Window.IsActive(1)">ShowCaseCase</include>
							<texture fallback="DefaultVideoPoster.png" diffuse="thumb_poster_diffuse.png" background="true">$VAR[value_poster7]</texture>
						</control>
						<control type="image"><!-- Icon reflect mode -->
							<include condition="[Skin.HasSetting(noshowcasevideocase) | Window.IsActive(1)]">ShowCasePosterReflect</include>
							<include condition="!Skin.HasSetting(noshowcasevideocase) + Window.IsActive(1)">ShowCaseThumbCaseReflect</include>
							<texture flipy="true" diffuse="thumb_reflect.png" fallback="DefaultVideoPoster.png" background="true">$VAR[value_poster7]</texture>
						</control>
					</control>
				</control>
				<control type="group"><!-- 6 -->
					<posx>1090</posx>
					<visible>!IsEmpty(Container(66).ListItemNoWrap(6).label) | !Skin.HasSetting(ShowCasefixedlist)</visible>
					<visible>!Container.OnNext</visible>
					<animation effect="fade" start="0" end="100" delay="0" time="210" reversible="false">Visible</animation>
					<animation effect="rotatey" center="1470" start="55" end="55" time="0" condition="true">Conditional</animation>
					<include>VideoShowCaseThumb6</include>
				</control>
				<control type="group"><!-- 5 -->
					<posx>1000</posx>
					<visible>!IsEmpty(Container(66).ListItemNoWrap(5).label) | !Skin.HasSetting(ShowCasefixedlist)</visible>
					<animation effect="rotatey" center="1380" start="55" end="55" time="0" condition="true">Conditional</animation>
					<include>VideoShowCaseThumb5</include>
				</control>
				<control type="group"><!-- 4 -->
					<posx>910</posx>
					<visible>!IsEmpty(Container(66).ListItemNoWrap(4).label) | !Skin.HasSetting(ShowCasefixedlist)</visible>
					<animation effect="rotatey" center="1290" start="55" end="55" time="0" condition="true">Conditional</animation>
					<include>VideoShowCaseThumb4</include>
				</control>
				<control type="group"><!-- 3 -->
					<posx>820</posx>
					<visible>!IsEmpty(Container(66).ListItemNoWrap(3).label) | !Skin.HasSetting(ShowCasefixedlist)</visible>
					<animation effect="rotatey" center="1200" start="55" end="55" time="0" condition="true">Conditional</animation>
					<include>VideoShowCaseThumb3</include>
				</control>
				<control type="group"><!-- 2 -->
					<posx>730</posx>
					<visible>!IsEmpty(Container(66).ListItemNoWrap(2).label) | !Skin.HasSetting(ShowCasefixedlist)</visible>
					<animation effect="rotatey" center="1110" start="55" end="55" time="0" condition="true">Conditional</animation>
					<include>VideoShowCaseThumb2</include>
				</control>
				<control type="group"><!-- 1 -->
					<posx>640</posx>
					<visible>!IsEmpty(Container(66).ListItemNoWrap(1).label) | !Skin.HasSetting(ShowCasefixedlist)</visible>
					<animation effect="rotatey" center="1020" start="55" end="55" time="0" condition="true">Conditional</animation>
					<include>VideoShowCaseThumb1</include>
				</control>
				<control type="group">
					<visible>Container.OnNext</visible>
					<animation effect="slide" end="50,0" time="210" reversible="false">Hidden</animation>
					<control type="group">
						<posx>550</posx>
						<visible>Container.OnNext</visible>
						<visible>!IsEmpty(Container(66).ListItemNoWrap(0).label) | !Skin.HasSetting(ShowCasefixedlist)</visible>
						<animation effect="rotatey" center="930" start="0" end="-55" time="210" reversible="false" tween="quadratic" easing="in">Hidden</animation>
						<animation effect="rotatey" center="930" start="55" end="55" time="0" condition="true">Conditional</animation>
						<include>VideoShowCaseThumb0</include>
					</control>
					<control type="group">
						<posx>505</posx>
						<visible>Container.OnNext</visible>
						<visible>!IsEmpty(Container(66).ListItemNoWrap(-1).label) | !Skin.HasSetting(ShowCasefixedlist)</visible>
						<animation effect="rotatey" center="405" start="0" end="-55" time="210" reversible="false" tween="quadratic" easing="out">Hidden</animation>
						<include>VideoShowCaseThumb-1</include>
					</control>
				</control>
			</control>
			<control type="group" id="6002">
				<posy>360</posy>
				<camera x="640" y="540"/>
				<visible>Container.OnPrevious + !StringCompare(container(66).numitems,1) + ![Skin.HasSetting(flattenshowcase) + [Container.Content(movies) | Container.Content(musicvideos) | Container.Content(tvshows) | Container.Content(seasons) | Container.Content(episodes) | Window.IsActive(1)]]</visible>
				<animation effect="slide" end="90,0" time="210" reversible="false">Hidden</animation>
				<control type="group"><!-- 7 -->
					<posx>1000</posx>
					<visible>Container.OnPrevious</visible>
					<visible>!IsEmpty(Container(66).ListItemNoWrap(7).label) | !Skin.HasSetting(ShowCasefixedlist)</visible>
					<animation effect="fade" start="100" end="0" time="210" reversible="false">Hidden</animation>
					<animation effect="rotatey" center="1380" start="55" end="55" time="0" condition="true">Conditional</animation>
					<include>VideoShowCaseThumb7</include>
				</control>
				<control type="group"><!-- 6 -->
					<posx>910</posx>
					<visible>!IsEmpty(Container(66).ListItemNoWrap(6).label) | !Skin.HasSetting(ShowCasefixedlist)</visible>
					<animation effect="rotatey" center="1290" start="55" end="55" time="0" condition="true">Conditional</animation>
					<include>VideoShowCaseThumb6</include>
				</control>
				<control type="group"><!-- 5 -->
					<posx>820</posx>
					<visible>!IsEmpty(Container(66).ListItemNoWrap(5).label) | !Skin.HasSetting(ShowCasefixedlist)</visible>
					<animation effect="rotatey" center="1200" start="55" end="55" time="0" condition="true">Conditional</animation>
					<include>VideoShowCaseThumb5</include>
				</control>
				<control type="group"><!-- 4 -->
					<posx>730</posx>
					<visible>!IsEmpty(Container(66).ListItemNoWrap(4).label) | !Skin.HasSetting(ShowCasefixedlist)</visible>
					<animation effect="rotatey" center="1110" start="55" end="55" time="0" condition="true">Conditional</animation>
					<include>VideoShowCaseThumb4</include>
				</control>
				<control type="group"><!-- 3 -->
					<posx>640</posx>
					<visible>!IsEmpty(Container(66).ListItemNoWrap(3).label) | !Skin.HasSetting(ShowCasefixedlist)</visible>
					<animation effect="rotatey" center="1020" start="55" end="55" time="0" condition="true">Conditional</animation>
					<include>VideoShowCaseThumb3</include>
				</control>
				<control type="group"><!-- 2 -->
					<posx>550</posx>
					<visible>!IsEmpty(Container(66).ListItemNoWrap(2).label) | !Skin.HasSetting(ShowCasefixedlist)</visible>
					<animation effect="rotatey" center="930" start="55" end="55" time="0" condition="true">Conditional</animation>
					<include>VideoShowCaseThumb2</include>
				</control>
				<control type="group"><!-- -8 -->
					<posx>-180</posx>
					<visible>!Container.OnPrevious</visible>
					<animation effect="fade" start="0" end="0" delay="0" time="0" reversible="false">Visible</animation>
					<control type="group">
						<visible>[Skin.HasSetting(noshowcasevideocase) | Window.IsActive(1)]</visible>
						<control type="image"><!-- Icon mode -->
							<include>ShowCasePoster</include>
							<texture background="true">$VAR[value_poster-8]</texture>
						</control>
						<control type="image"><!-- Icon reflect mode -->
							<include>ShowCasePosterReflect</include>
							<texture background="true">$VAR[value_poster-8]</texture>
						</control>
					</control>
					<control type="group">
						<visible>!Skin.HasSetting(noshowcasevideocase) + !Window.IsActive(1)</visible>
						<control type="image"><!-- Icon mode -->
							<include>ShowCaseCase</include>
							<texture background="true">$VAR[value_poster-8]</texture>
						</control>
						<control type="image"><!-- Icon reflect mode -->
							<include>ShowCaseThumbCaseReflect</include>
							<texture flipy="true" diffuse="thumb_reflect.png" fallback="DefaultVideoPoster.png" background="true">$VAR[value_poster-8]</texture>
						</control>
					</control>
				</control>
				<control type="group"><!-- -6 -->
					<posx>-80</posx>
					<visible>!Container.OnPrevious</visible>
					<visible>!IsEmpty(Container(66).ListItemNoWrap(-6).label) | !Skin.HasSetting(ShowCasefixedlist)</visible>
					<animation effect="fade" start="0" end="100" time="210" reversible="false">Visible</animation>
					<animation effect="rotatey" center="-180" start="-55" end="-55" time="0" condition="true">Conditional</animation>
					<include>VideoShowCaseThumb-6</include>
				</control>
				<control type="group"><!-- -5 -->
					<posx>10</posx>
					<visible>!IsEmpty(Container(66).ListItemNoWrap(-5).label) | !Skin.HasSetting(ShowCasefixedlist)</visible>
					<animation effect="rotatey" center="-90" start="-55" end="-55" time="0" condition="true">Conditional</animation>
					<include>VideoShowCaseThumb-5</include>
				</control>
				<control type="group"><!-- -4 -->
					<posx>100</posx>
					<visible>!IsEmpty(Container(66).ListItemNoWrap(-4).label) | !Skin.HasSetting(ShowCasefixedlist)</visible>
					<animation effect="rotatey" center="0" start="-55" end="-55" time="0" condition="true">Conditional</animation>
					<include>VideoShowCaseThumb-4</include>
				</control>
				<control type="group"><!-- -3 -->
					<posx>190</posx>
					<visible>!IsEmpty(Container(66).ListItemNoWrap(-3).label) | !Skin.HasSetting(ShowCasefixedlist)</visible>
					<animation effect="rotatey" center="90" start="-55" end="-55" time="0" condition="true">Conditional</animation>
					<include>VideoShowCaseThumb-3</include>
				</control>
				<control type="group"><!-- -2 -->
					<posx>280</posx>       
					<visible>!IsEmpty(Container(66).ListItemNoWrap(-2).label) | !Skin.HasSetting(ShowCasefixedlist)</visible>
					<animation effect="rotatey" center="180" start="-55" end="-55" time="0" condition="true">Conditional</animation>
					<include>VideoShowCaseThumb-2</include>
				</control>
				<control type="group"><!-- -1 -->
					<posx>370</posx>
					<visible>!IsEmpty(Container(66).ListItemNoWrap(-1).label) | !Skin.HasSetting(ShowCasefixedlist)</visible>
					<animation effect="rotatey" center="270" start="-55" end="-55" time="0" condition="true">Conditional</animation>
					<include>VideoShowCaseThumb-1</include>
				</control>
				<control type="group"><!-- 0-1 -->
					<visible>Container.OnPrevious</visible>
					<animation effect="slide" end="-50,0" time="210" reversible="false">Hidden</animation>
					<control type="group">
						<visible>!IsEmpty(Container(66).ListItemNoWrap(0).label) | !Skin.HasSetting(ShowCasefixedlist)</visible>
						<posx>460</posx>
						<visible>Container.OnPrevious</visible>
						<animation effect="rotatey" center="360" start="0" end="55" time="210" reversible="false" tween="quadratic" easing="in">Hidden</animation>
						<animation effect="rotatey" center="360" start="-55" end="-55" time="0" condition="true">Conditional</animation>
						<include>VideoShowCaseThumb0</include>
					</control>
					<control type="group">
						<visible>!IsEmpty(Container(66).ListItemNoWrap(1).label) | !Skin.HasSetting(ShowCasefixedlist)</visible>
						<posx>505</posx>
						<visible>Container.OnPrevious</visible>
						<animation effect="rotatey" center="885" start="0" end="55" time="210" reversible="false" tween="quadratic" easing="out">Hidden</animation>
						<include>VideoShowCaseThumb1</include>
					</control>
				</control>
			</control>
			<control type="button" id="960">
				<include>InvisibleButton</include>
				<visible>![Skin.HasSetting(flattenshowcase) + [Container.Content(movies) | Container.Content(musicvideos) | Container.Content(tvshows) | Container.Content(seasons) | Container.Content(episodes) | Window.IsActive(1)]]</visible>
				<animation effect="fade" start="100" end="0" time="800">Hidden</animation>
			</control>
			<control type="group" id="6000">
				<posy>360</posy>
				<animation effect="fade" time="500">WindowOpen</animation>
				<animation effect="fade" time="200">WindowClose</animation>
				<visible>[[!Control.IsVisible(6001) + !Control.IsVisible(6002) | StringCompare(container(66).numitems,1)]] + Control.IsVisible(960)</visible>
				<camera x="640" y="540"/>
				<control type="group"><!-- -6 -->
					<posx>10</posx>
					<visible>!IsEmpty(Container(66).ListItemNoWrap(-6).label) | !Skin.HasSetting(ShowCasefixedlist)</visible>
					<animation effect="rotatey" center="-90" start="-55" end="-55" time="0" condition="true">Conditional</animation>
					<animation type="Conditional" condition="[Skin.HasSetting(flattenshowcase) + [Container.Content(movies) | Container.Content(musicvideos) | Container.Content(tvshows) | Container.Content(seasons) | Container.Content(episodes) | Window.IsActive(1)]]">
						<effect type="rotatey" center="-90" start="0" end="55" time="800" tween="cubic" easing="inout"/>
						<effect type="slide" start="0" end="-685" time="800" tween="cubic" easing="inout"/>
					</animation>
					<include>VideoShowCaseThumb-6</include>
				</control>
				<control type="group"><!-- -5 -->
					<posx>100</posx>
					<visible>!IsEmpty(Container(66).ListItemNoWrap(-5).label) | !Skin.HasSetting(ShowCasefixedlist)</visible>
					<animation effect="rotatey" center="0" start="-55" end="-55" time="0" condition="true">Conditional</animation>
					<animation type="Conditional" condition="[Skin.HasSetting(flattenshowcase) + [Container.Content(movies) | Container.Content(musicvideos) | Container.Content(tvshows) | Container.Content(seasons) | Container.Content(episodes) | Window.IsActive(1)]]">
						<effect type="rotatey" center="0" start="0" end="55" time="800" tween="cubic" easing="inout"/>
						<effect type="slide" start="0" end="-577" time="800" tween="cubic" easing="inout"/>
					</animation>
					<include>VideoShowCaseThumb-5</include>
				</control>
				<control type="group"><!-- -4 -->
					<posx>190</posx>
					<visible>!IsEmpty(Container(66).ListItemNoWrap(-4).label) | !Skin.HasSetting(ShowCasefixedlist)</visible>
					<animation effect="rotatey" center="90" start="-55" end="-55" time="0" condition="true">Conditional</animation>
					<animation type="Conditional" condition="[Skin.HasSetting(flattenshowcase) + [Container.Content(movies) | Container.Content(musicvideos) | Container.Content(tvshows) | Container.Content(seasons) | Container.Content(episodes) | Window.IsActive(1)]]">
						<effect type="rotatey" center="90" start="0" end="55" time="800" tween="cubic" easing="inout"/>
						<effect type="slide" start="0" end="-469" time="800" tween="cubic" easing="inout"/>
					</animation>
					<include>VideoShowCaseThumb-4</include>
				</control>
				<control type="group"><!-- -3 -->
					<posx>280</posx>
					<visible>!IsEmpty(Container(66).ListItemNoWrap(-3).label) | !Skin.HasSetting(ShowCasefixedlist)</visible>
					<animation effect="rotatey" center="180" start="-55" end="-55" time="0" condition="true">Conditional</animation>
					<animation type="Conditional" condition="[Skin.HasSetting(flattenshowcase) + [Container.Content(movies) | Container.Content(musicvideos) | Container.Content(tvshows) | Container.Content(seasons) | Container.Content(episodes) | Window.IsActive(1)]]">
						<effect type="rotatey" center="180" start="0" end="55" time="800" tween="cubic" easing="inout"/>
						<effect type="slide" start="0" end="-362" time="800" tween="cubic" easing="inout"/>
					</animation>
					<include>VideoShowCaseThumb-3</include>
				</control>
				<control type="group"><!-- -2 -->
					<posx>370</posx>
					<visible>!IsEmpty(Container(66).ListItemNoWrap(-2).label) | !Skin.HasSetting(ShowCasefixedlist)</visible>
					<animation effect="rotatey" center="270" start="-55" end="-55" time="0" condition="true">Conditional</animation>
					<animation type="Conditional" condition="[Skin.HasSetting(flattenshowcase) + [Container.Content(movies) | Container.Content(musicvideos) | Container.Content(tvshows) | Container.Content(seasons) | Container.Content(episodes) | Window.IsActive(1)]]">
						<effect type="rotatey" center="270" start="0" end="55" time="800" tween="cubic" easing="inout"/>
						<effect type="slide" start="0" end="-256" time="800" tween="cubic" easing="inout"/>
					</animation>
					<include>VideoShowCaseThumb-2</include>
				</control>
				<control type="group"><!-- -1 -->
					<posx>460</posx>
					<visible>!IsEmpty(Container(66).ListItemNoWrap(-1).label) | !Skin.HasSetting(ShowCasefixedlist)</visible>
					<animation effect="rotatey" center="360" start="-55" end="-55" time="0" condition="true">Conditional</animation>
					<animation type="Conditional" condition="[Skin.HasSetting(flattenshowcase) + [Container.Content(movies) | Container.Content(musicvideos) | Container.Content(tvshows) | Container.Content(seasons) | Container.Content(episodes) | Window.IsActive(1)]]">
						<effect type="rotatey" center="360" start="0" end="55" time="800" tween="cubic" easing="inout"/>
						<effect type="slide" start="0" end="-151" time="800" tween="cubic" easing="inout"/>
					</animation>
					<include>VideoShowCaseThumb-1</include>
				</control>
				<control type="group"><!-- 6 -->
					<posx>1000</posx>
					<visible>!IsEmpty(Container(66).ListItemNoWrap(6).label) | !Skin.HasSetting(ShowCasefixedlist)</visible>
					<animation effect="rotatey" center="1380" start="55" end="55" time="0" condition="true">Conditional</animation>
					<animation type="Conditional" condition="[Skin.HasSetting(flattenshowcase) + [Container.Content(movies) | Container.Content(musicvideos) | Container.Content(tvshows) | Container.Content(seasons) | Container.Content(episodes) | Window.IsActive(1)]]">
						<effect type="rotatey" center="1380" start="0" end="-55" time="800" tween="cubic" easing="inout"/>
						<effect type="slide" start="0" end="685" time="800" tween="cubic" easing="inout"/>
					</animation>
					<include>VideoShowCaseThumb6</include>
				</control>
				<control type="group"><!-- 5 -->
					<posx>910</posx>
					<visible>!IsEmpty(Container(66).ListItemNoWrap(5).label) | !Skin.HasSetting(ShowCasefixedlist)</visible>
					<animation effect="rotatey" center="1290" start="55" end="55" time="0" condition="true">Conditional</animation>
					<animation type="Conditional" condition="[Skin.HasSetting(flattenshowcase) + [Container.Content(movies) | Container.Content(musicvideos) | Container.Content(tvshows) | Container.Content(seasons) | Container.Content(episodes) | Window.IsActive(1)]]">
						<effect type="rotatey" center="1290" start="0" end="-55" time="800" tween="cubic" easing="inout"/>
						<effect type="slide" start="0" end="577" time="800" tween="cubic" easing="inout"/>
					</animation>
					<include>VideoShowCaseThumb5</include>
				</control>
				<control type="group"><!-- 4 -->
					<posx>820</posx>
					<visible>!IsEmpty(Container(66).ListItemNoWrap(4).label) | !Skin.HasSetting(ShowCasefixedlist)</visible>
					<animation effect="rotatey" center="1200" start="55" end="55" time="0" condition="true">Conditional</animation>
					<animation type="Conditional" condition="[Skin.HasSetting(flattenshowcase) + [Container.Content(movies) | Container.Content(musicvideos) | Container.Content(tvshows) | Container.Content(seasons) | Container.Content(episodes) | Window.IsActive(1)]]">
						<effect type="rotatey" center="1200" start="0" end="-55" time="800" tween="cubic" easing="inout"/>
						<effect type="slide" start="0" end="469" time="800" tween="cubic" easing="inout"/>
					</animation>
					<include>VideoShowCaseThumb4</include>
				</control>
				<control type="group"><!-- 3 -->
					<posx>730</posx>
					<visible>!IsEmpty(Container(66).ListItemNoWrap(3).label) | !Skin.HasSetting(ShowCasefixedlist)</visible>
					<animation effect="rotatey" center="1110" start="55" end="55" time="0" condition="true">Conditional</animation>
					<animation type="Conditional" condition="[Skin.HasSetting(flattenshowcase) + [Container.Content(movies) | Container.Content(musicvideos) | Container.Content(tvshows) | Container.Content(seasons) | Container.Content(episodes) | Window.IsActive(1)]]">
						<effect type="rotatey" center="1110" start="0" end="-55" time="800" tween="cubic" easing="inout"/>
						<effect type="slide" start="0" end="362" time="800" tween="cubic" easing="inout"/>
					</animation>
					<include>VideoShowCaseThumb3</include>
				</control>
				<control type="group"><!-- 2 -->
					<posx>640</posx>
					<visible>!IsEmpty(Container(66).ListItemNoWrap(2).label) | !Skin.HasSetting(ShowCasefixedlist)</visible>
					<animation effect="rotatey" center="1020" start="55" end="55" time="0" condition="true">Conditional</animation>
					<animation type="Conditional" condition="[Skin.HasSetting(flattenshowcase) + [Container.Content(movies) | Container.Content(musicvideos) | Container.Content(tvshows) | Container.Content(seasons) | Container.Content(episodes) | Window.IsActive(1)]]">
						<effect type="rotatey" center="1020" start="0" end="-55" time="800" tween="cubic" easing="inout"/>
						<effect type="slide" start="0" end="256" time="800" tween="cubic" easing="inout"/>
					</animation>
					<include>VideoShowCaseThumb2</include>
				</control>
				<control type="group"><!-- 1 -->
					<posx>550</posx>
					<visible>!IsEmpty(Container(66).ListItemNoWrap(1).label) | !Skin.HasSetting(ShowCasefixedlist)</visible>
					<animation effect="rotatey" center="930" start="55" end="55" time="0" condition="true">Conditional</animation>
					<animation type="Conditional" condition="[Skin.HasSetting(flattenshowcase) + [Container.Content(movies) | Container.Content(musicvideos) | Container.Content(tvshows) | Container.Content(seasons) | Container.Content(episodes) | Window.IsActive(1)]]">
						<effect type="rotatey" center="930" start="0" end="-55" time="800" tween="cubic" easing="inout"/>
						<effect type="slide" start="0" end="151" time="800" tween="cubic" easing="inout"/>
					</animation>
					<include>VideoShowCaseThumb1</include>
				</control>
				<control type="group"><!-- 0 -->
					<posx>505</posx>
					<include>VideoShowCaseThumb0</include>
				</control>
			</control>
		</control>
	</include>
	<include name="VideoShowCaseThumb0">
		<control type="group">
			<visible>[Skin.HasSetting(noshowcasevideocase) | Window.IsActive(1) | Container.Content(genres)]</visible>
			<include>Animation_VisibleChange</include>
			<control type="image"><!-- Poster reflexo -->
				<include>ShowCasePosterReflect</include>
				<texture flipy="true" diffuse="thumb_poster_reflect.png" fallback="DefaultVideoPoster.png" background="true">$VAR[value_poster0]</texture>
			</control>
			<control type="image"><!-- Poster -->
				<include>ShowCasePoster</include>
				<texture diffuse="thumb_poster_diffuse.png" fallback="DefaultVideoPoster.png" background="true">$VAR[value_poster0]</texture>
			</control>
			<control type="image">
				<include>WatchedShowCase</include>
				<visible>StringCompare(ListItem(0).Overlay,OverlayWatched.png)</visible>
			</control>
		</control>
		<control type="group">
			<visible>!Skin.HasSetting(noshowcasevideocase) | Container.Content(genres) | Window.IsActive(1)</visible>
			<include>Animation_VisibleChange</include>
			<control type="image"><!-- Poster Reflexo -->
				<include>ShowCaseThumbReflect</include>
				<texture flipy="true" diffuse="thumb_reflect.png" fallback="DefaultVideoPoster.png" background="true">$VAR[value_poster0]</texture>
			</control>
			<control type="image"><!-- Poster + Estojo Reflexo -->
				<include>ShowCaseThumbCaseReflect</include>
				<texture flipy="true" diffuse="thumb_box_reflect.png" background="true">$VAR[value_videocase0]</texture>
			</control>
			<control type="image"><!-- Poster + Estojo -->
				<include>ShowCaseCase</include>
				<texture fallback="DefaultVideoPoster.png" background="true">$VAR[value_poster0]</texture>
			</control>
			<control type="image">
				<include>WatchedShowCaseCase</include>
				<visible>StringCompare(ListItem(0).Overlay,OverlayWatched.png)</visible>
			</control>
			<control type="image"><!-- Estojo -->
				<include>ShowCaseThumbCase</include>
				<texture>$VAR[value_videocase0]</texture>
			</control>
			<control type="image"><!-- Codec -->
				<include>ShowCaseCodec</include>
				<texture>$VAR[value_videocodec0]</texture>
			</control>
		</control>
	</include>
	<include name="VideoShowCaseThumb1">
		<control type="group">
			<visible>[Skin.HasSetting(noshowcasevideocase) | Window.IsActive(1) | Container.Content(genres)]</visible>
			<include>Animation_VisibleChange</include>
			<control type="image"><!-- Poster reflexo -->
				<include>ShowCasePosterReflect</include>
				<texture flipy="true" diffuse="thumb_poster_reflect.png" fallback="DefaultVideoPoster.png" background="true">$VAR[value_poster1]</texture>
			</control>
			<control type="image"><!-- Poster -->
				<include>ShowCasePoster</include>
				<texture diffuse="thumb_poster_diffuse.png" fallback="DefaultVideoPoster.png" background="true">$VAR[value_poster1]</texture>
			</control>
			<control type="image">
				<include>WatchedShowCase</include>
				<visible>StringCompare(ListItem(1).Overlay,OverlayWatched.png)</visible>
			</control>
		</control>
		<control type="group">
			<visible>!Skin.HasSetting(noshowcasevideocase) | Container.Content(genres) | Window.IsActive(1)</visible>
			<include>Animation_VisibleChange</include>
			<control type="image"><!-- Poster Reflexo -->
				<include>ShowCaseThumbReflect</include>
				<texture flipy="true" diffuse="thumb_reflect.png" fallback="DefaultVideoPoster.png" background="true">$VAR[value_poster1]</texture>
			</control>
			<control type="image"><!-- Poster + Estojo Reflexo -->
				<include>ShowCaseThumbCaseReflect</include>
				<texture flipy="true" diffuse="thumb_box_reflect.png" background="true">$VAR[value_videocase1]</texture>
			</control>
			<control type="image"><!-- Poster + Estojo -->
				<include>ShowCaseCase</include>
				<texture fallback="DefaultVideoPoster.png" background="true">$VAR[value_poster1]</texture>
			</control>
			<control type="image">
				<include>WatchedShowCaseCase</include>
				<visible>StringCompare(ListItem(1).Overlay,OverlayWatched.png)</visible>
			</control>
			<control type="image"><!-- Estojo -->
				<include>ShowCaseThumbCase</include>
				<texture>$VAR[value_videocase1]</texture>
			</control>
			<control type="image"><!-- Codec -->
				<include>ShowCaseCodec</include>
				<texture>$VAR[value_videocodec1]</texture>
			</control>
		</control>
	</include>
	<include name="VideoShowCaseThumb2">
		<control type="group">
			<visible>[Skin.HasSetting(noshowcasevideocase) | Window.IsActive(1) | Container.Content(genres)]</visible>
			<include>Animation_VisibleChange</include>
			<control type="image"><!-- Poster reflexo -->
				<include>ShowCasePosterReflect</include>
				<texture flipy="true" diffuse="thumb_poster_reflect.png" fallback="DefaultVideoPoster.png" background="true">$VAR[value_poster2]</texture>
			</control>
			<control type="image"><!-- Poster -->
				<include>ShowCasePoster</include>
				<texture diffuse="thumb_poster_diffuse.png" fallback="DefaultVideoPoster.png" background="true">$VAR[value_poster2]</texture>
			</control>
			<control type="image">
				<include>WatchedShowCase</include>
				<visible>StringCompare(ListItem(2).Overlay,OverlayWatched.png)</visible>
			</control>
		</control>
		<control type="group">
			<visible>!Skin.HasSetting(noshowcasevideocase) | Container.Content(genres) | Window.IsActive(1)</visible>
			<include>Animation_VisibleChange</include>
			<control type="image"><!-- Poster Reflexo -->
				<include>ShowCaseThumbReflect</include>
				<texture flipy="true" diffuse="thumb_reflect.png" fallback="DefaultVideoPoster.png" background="true">$VAR[value_poster2]</texture>
			</control>
			<control type="image"><!-- Poster + Estojo Reflexo -->
				<include>ShowCaseThumbCaseReflect</include>
				<texture flipy="true" diffuse="thumb_box_reflect.png" background="true">$VAR[value_videocase2]</texture>
			</control>
			<control type="image"><!-- Poster + Estojo -->
				<include>ShowCaseCase</include>
				<texture fallback="DefaultVideoPoster.png" background="true">$VAR[value_poster2]</texture>
			</control>
			<control type="image">
				<include>WatchedShowCaseCase</include>
				<visible>StringCompare(ListItem(2).Overlay,OverlayWatched.png)</visible>
			</control>
			<control type="image"><!-- Estojo -->
				<include>ShowCaseThumbCase</include>
				<texture>$VAR[value_videocase2]</texture>
			</control>
			<control type="image"><!-- Codec -->
				<include>ShowCaseCodec</include>
				<texture>$VAR[value_videocodec2]</texture>
			</control>
		</control>
	</include>
	<include name="VideoShowCaseThumb3">
		<control type="group">
			<visible>[Skin.HasSetting(noshowcasevideocase) | Window.IsActive(1) | Container.Content(genres)]</visible>
			<include>Animation_VisibleChange</include>
			<control type="image"><!-- Poster reflexo -->
				<include>ShowCasePosterReflect</include>
				<texture flipy="true" diffuse="thumb_poster_reflect.png" fallback="DefaultVideoPoster.png" background="true">$VAR[value_poster3]</texture>
			</control>
			<control type="image"><!-- Poster -->
				<include>ShowCasePoster</include>
				<texture diffuse="thumb_poster_diffuse.png" fallback="DefaultVideoPoster.png" background="true">$VAR[value_poster3]</texture>
			</control>
			<control type="image">
				<include>WatchedShowCase</include>
				<visible>StringCompare(ListItem(3).Overlay,OverlayWatched.png)</visible>
			</control>
		</control>
		<control type="group">
			<visible>!Skin.HasSetting(noshowcasevideocase) | Container.Content(genres) | Window.IsActive(1)</visible>
			<include>Animation_VisibleChange</include>
			<control type="image"><!-- Poster Reflexo -->
				<include>ShowCaseThumbReflect</include>
				<texture flipy="true" diffuse="thumb_reflect.png" fallback="DefaultVideoPoster.png" background="true">$VAR[value_poster3]</texture>
			</control>
			<control type="image"><!-- Poster + Estojo Reflexo -->
				<include>ShowCaseThumbCaseReflect</include>
				<texture flipy="true" diffuse="thumb_box_reflect.png" background="true">$VAR[value_videocase3]</texture>
			</control>
			<control type="image"><!-- Poster + Estojo -->
				<include>ShowCaseCase</include>
				<texture fallback="DefaultVideoPoster.png" background="true">$VAR[value_poster3]</texture>
			</control>
			<control type="image">
				<include>WatchedShowCaseCase</include>
				<visible>StringCompare(ListItem(3).Overlay,OverlayWatched.png)</visible>
			</control>
			<control type="image"><!-- Estojo -->
				<include>ShowCaseThumbCase</include>
				<texture>$VAR[value_videocase3]</texture>
			</control>
			<control type="image"><!-- Codec -->
				<include>ShowCaseCodec</include>
				<texture>$VAR[value_videocodec3]</texture>
			</control>
		</control>
	</include>
	<include name="VideoShowCaseThumb4">
		<control type="group">
			<visible>[Skin.HasSetting(noshowcasevideocase) | Window.IsActive(1) | Container.Content(genres)]</visible>
			<include>Animation_VisibleChange</include>
			<control type="image"><!-- Poster reflexo -->
				<include>ShowCasePosterReflect</include>
				<texture flipy="true" diffuse="thumb_poster_reflect.png" fallback="DefaultVideoPoster.png" background="true">$VAR[value_poster4]</texture>
			</control>
			<control type="image"><!-- Poster -->
				<include>ShowCasePoster</include>
				<texture diffuse="thumb_poster_diffuse.png" fallback="DefaultVideoPoster.png" background="true">$VAR[value_poster4]</texture>
			</control>
			<control type="image">
				<include>WatchedShowCase</include>
				<visible>StringCompare(ListItem(4).Overlay,OverlayWatched.png)</visible>
			</control>
		</control>
		<control type="group">
			<visible>!Skin.HasSetting(noshowcasevideocase) | Container.Content(genres) | Window.IsActive(1)</visible>
			<include>Animation_VisibleChange</include>
			<control type="image"><!-- Poster Reflexo -->
				<include>ShowCaseThumbReflect</include>
				<texture flipy="true" diffuse="thumb_reflect.png" fallback="DefaultVideoPoster.png" background="true">$VAR[value_poster4]</texture>
			</control>
			<control type="image"><!-- Poster + Estojo Reflexo -->
				<include>ShowCaseThumbCaseReflect</include>
				<texture flipy="true" diffuse="thumb_box_reflect.png" background="true">$VAR[value_videocase4]</texture>
			</control>
			<control type="image"><!-- Poster + Estojo -->
				<include>ShowCaseCase</include>
				<texture fallback="DefaultVideoPoster.png" background="true">$VAR[value_poster4]</texture>
			</control>
			<control type="image">
				<include>WatchedShowCaseCase</include>
				<visible>StringCompare(ListItem(4).Overlay,OverlayWatched.png)</visible>
			</control>
			<control type="image"><!-- Estojo -->
				<include>ShowCaseThumbCase</include>
				<texture>$VAR[value_videocase4]</texture>
			</control>
			<control type="image"><!-- Codec -->
				<include>ShowCaseCodec</include>
				<texture>$VAR[value_videocodec4]</texture>
			</control>
		</control>
	</include>
	<include name="VideoShowCaseThumb5">
		<control type="group">
			<visible>[Skin.HasSetting(noshowcasevideocase) | Window.IsActive(1) | Container.Content(genres)]</visible>
			<include>Animation_VisibleChange</include>
			<control type="image"><!-- Poster reflexo -->
				<include>ShowCasePosterReflect</include>
				<texture flipy="true" diffuse="thumb_poster_reflect.png" fallback="DefaultVideoPoster.png" background="true">$VAR[value_poster5]</texture>
			</control>
			<control type="image"><!-- Poster -->
				<include>ShowCasePoster</include>
				<texture diffuse="thumb_poster_diffuse.png" fallback="DefaultVideoPoster.png" background="true">$VAR[value_poster5]</texture>
			</control>
			<control type="image">
				<include>WatchedShowCase</include>
				<visible>StringCompare(ListItem(5).Overlay,OverlayWatched.png)</visible>
			</control>
		</control>
		<control type="group">
			<visible>!Skin.HasSetting(noshowcasevideocase) | Container.Content(genres) | Window.IsActive(1)</visible>
			<include>Animation_VisibleChange</include>
			<control type="image"><!-- Poster Reflexo -->
				<include>ShowCaseThumbReflect</include>
				<texture flipy="true" diffuse="thumb_reflect.png" fallback="DefaultVideoPoster.png" background="true">$VAR[value_poster5]</texture>
			</control>
			<control type="image"><!-- Poster + Estojo Reflexo -->
				<include>ShowCaseThumbCaseReflect</include>
				<texture flipy="true" diffuse="thumb_box_reflect.png" background="true">$VAR[value_videocase5]</texture>
			</control>
			<control type="image"><!-- Poster + Estojo -->
				<include>ShowCaseCase</include>
				<texture fallback="DefaultVideoPoster.png" background="true">$VAR[value_poster5]</texture>
			</control>
			<control type="image">
				<include>WatchedShowCaseCase</include>
				<visible>StringCompare(ListItem(5).Overlay,OverlayWatched.png)</visible>
			</control>
			<control type="image"><!-- Estojo -->
				<include>ShowCaseThumbCase</include>
				<texture>$VAR[value_videocase5]</texture>
			</control>
			<control type="image"><!-- Codec -->
				<include>ShowCaseCodec</include>
				<texture>$VAR[value_videocodec5]</texture>
			</control>
		</control>
	</include>
	<include name="VideoShowCaseThumb6">
		<control type="group">
			<visible>[Skin.HasSetting(noshowcasevideocase) | Window.IsActive(1) | Container.Content(genres)]</visible>
			<include>Animation_VisibleChange</include>
			<control type="image"><!-- Poster reflexo -->
				<include>ShowCasePosterReflect</include>
				<texture flipy="true" diffuse="thumb_poster_reflect.png" fallback="DefaultVideoPoster.png" background="true">$VAR[value_poster6]</texture>
			</control>
			<control type="image"><!-- Poster -->
				<include>ShowCasePoster</include>
				<texture diffuse="thumb_poster_diffuse.png" fallback="DefaultVideoPoster.png" background="true">$VAR[value_poster6]</texture>
			</control>
			<control type="image">
				<include>WatchedShowCase</include>
				<visible>StringCompare(ListItem(6).Overlay,OverlayWatched.png)</visible>
			</control>
		</control>
		<control type="group">
			<visible>!Skin.HasSetting(noshowcasevideocase) | Container.Content(genres) | Window.IsActive(1)</visible>
			<include>Animation_VisibleChange</include>
			<control type="image"><!-- Poster Reflexo -->
				<include>ShowCaseThumbReflect</include>
				<texture flipy="true" diffuse="thumb_reflect.png" fallback="DefaultVideoPoster.png" background="true">$VAR[value_poster6]</texture>
			</control>
			<control type="image"><!-- Poster + Estojo Reflexo -->
				<include>ShowCaseThumbCaseReflect</include>
				<texture flipy="true" diffuse="thumb_box_reflect.png" background="true">$VAR[value_videocase6]</texture>
			</control>
			<control type="image"><!-- Poster + Estojo -->
				<include>ShowCaseCase</include>
				<texture fallback="DefaultVideoPoster.png" background="true">$VAR[value_poster6]</texture>
			</control>
			<control type="image">
				<include>WatchedShowCaseCase</include>
				<visible>StringCompare(ListItem(6).Overlay,OverlayWatched.png)</visible>
			</control>
			<control type="image"><!-- Estojo -->
				<include>ShowCaseThumbCase</include>
				<texture>$VAR[value_videocase6]</texture>
			</control>
			<control type="image"><!-- Codec -->
				<include>ShowCaseCodec</include>
				<texture>$VAR[value_videocodec6]</texture>
			</control>
		</control>
	</include>
	<include name="VideoShowCaseThumb7">
		<control type="group">
			<visible>[Skin.HasSetting(noshowcasevideocase) | Window.IsActive(1) | Container.Content(genres)]</visible>
			<include>Animation_VisibleChange</include>
			<control type="image"><!-- Poster reflexo -->
				<include>ShowCasePosterReflect</include>
				<texture flipy="true" diffuse="thumb_poster_reflect.png" fallback="DefaultVideoPoster.png" background="true">$VAR[value_poster7]</texture>
			</control>
			<control type="image"><!-- Poster -->
				<include>ShowCasePoster</include>
				<texture diffuse="thumb_poster_diffuse.png" fallback="DefaultVideoPoster.png" background="true">$VAR[value_poster7]</texture>
			</control>
			<control type="image">
				<include>WatchedShowCase</include>
				<visible>StringCompare(ListItem(7).Overlay,OverlayWatched.png)</visible>
			</control>
		</control>
		<control type="group">
			<visible>!Skin.HasSetting(noshowcasevideocase) | Container.Content(genres) | Window.IsActive(1)</visible>
			<include>Animation_VisibleChange</include>
			<control type="image"><!-- Poster Reflexo -->
				<include>ShowCaseThumbReflect</include>
				<texture flipy="true" diffuse="thumb_reflect.png" fallback="DefaultVideoPoster.png" background="true">$VAR[value_poster7]</texture>
			</control>
			<control type="image"><!-- Poster + Estojo Reflexo -->
				<include>ShowCaseThumbCaseReflect</include>
				<texture flipy="true" diffuse="thumb_box_reflect.png" background="true">$VAR[value_videocase7]</texture>
			</control>
			<control type="image"><!-- Poster + Estojo -->
				<include>ShowCaseCase</include>
				<texture fallback="DefaultVideoPoster.png" background="true">$VAR[value_poster7]</texture>
			</control>
			<control type="image">
				<include>WatchedShowCaseCase</include>
				<visible>StringCompare(ListItem(7).Overlay,OverlayWatched.png)</visible>
			</control>
			<control type="image"><!-- Estojo -->
				<include>ShowCaseThumbCase</include>
				<texture>$VAR[value_videocase7]</texture>
			</control>
			<control type="image"><!-- Codec -->
				<include>ShowCaseCodec</include>
				<texture>$VAR[value_videocodec7]</texture>
			</control>
		</control>
	</include>
	<include name="VideoShowCaseThumb-1">
		<control type="group">
			<visible>[Skin.HasSetting(noshowcasevideocase) | Window.IsActive(1) | Container.Content(genres)]</visible>
			<include>Animation_VisibleChange</include>
			<control type="image"><!-- Poster reflexo -->
				<include>ShowCasePosterReflect</include>
				<texture flipy="true" diffuse="thumb_poster_reflect.png" fallback="DefaultVideoPoster.png" background="true">$VAR[value_poster-1]</texture>
			</control>
			<control type="image"><!-- Poster -->
				<include>ShowCasePoster</include>
				<texture diffuse="thumb_poster_diffuse.png" fallback="DefaultVideoPoster.png" background="true">$VAR[value_poster-1]</texture>
			</control>
			<control type="image">
				<include>WatchedShowCase</include>
				<visible>StringCompare(ListItem(-1).Overlay,OverlayWatched.png)</visible>
			</control>
		</control>
		<control type="group">
			<visible>!Skin.HasSetting(noshowcasevideocase) | Container.Content(genres) | Window.IsActive(1)</visible>
			<include>Animation_VisibleChange</include>
			<control type="image"><!-- Poster Reflexo -->
				<include>ShowCaseThumbReflect</include>
				<texture flipy="true" diffuse="thumb_reflect.png" fallback="DefaultVideoPoster.png" background="true">$VAR[value_poster-1]</texture>
			</control>
			<control type="image"><!-- Poster + Estojo Reflexo -->
				<include>ShowCaseThumbCaseReflect</include>
				<texture flipy="true" diffuse="thumb_box_reflect.png" background="true">$VAR[value_videocase-1]</texture>
			</control>
			<control type="image"><!-- Poster + Estojo -->
				<include>ShowCaseCase</include>
				<texture fallback="DefaultVideoPoster.png" background="true">$VAR[value_poster-1]</texture>
			</control>
			<control type="image">
				<include>WatchedShowCaseCase</include>
				<visible>StringCompare(ListItem(-1).Overlay,OverlayWatched.png)</visible>
			</control>
			<control type="image"><!-- Estojo -->
				<include>ShowCaseThumbCase</include>
				<texture>$VAR[value_videocase-1]</texture>
			</control>
			<control type="image"><!-- Codec -->
				<include>ShowCaseCodec</include>
				<texture>$VAR[value_videocodec-1]</texture>
			</control>
		</control>
	</include>
	<include name="VideoShowCaseThumb-2">
		<control type="group">
			<visible>[Skin.HasSetting(noshowcasevideocase) | Window.IsActive(1) | Container.Content(genres)]</visible>
			<include>Animation_VisibleChange</include>
			<control type="image"><!-- Poster reflexo -->
				<include>ShowCasePosterReflect</include>
				<texture flipy="true" diffuse="thumb_poster_reflect.png" fallback="DefaultVideoPoster.png" background="true">$VAR[value_poster-2]</texture>
			</control>
			<control type="image"><!-- Poster -->
				<include>ShowCasePoster</include>
				<texture diffuse="thumb_poster_diffuse.png" fallback="DefaultVideoPoster.png" background="true">$VAR[value_poster-2]</texture>
			</control>
			<control type="image">
				<include>WatchedShowCase</include>
				<visible>StringCompare(ListItem(-2).Overlay,OverlayWatched.png)</visible>
			</control>
		</control>
		<control type="group">
			<visible>!Skin.HasSetting(noshowcasevideocase) | Container.Content(genres) | Window.IsActive(1)</visible>
			<include>Animation_VisibleChange</include>
			<control type="image"><!-- Poster Reflexo -->
				<include>ShowCaseThumbReflect</include>
				<texture flipy="true" diffuse="thumb_reflect.png" fallback="DefaultVideoPoster.png" background="true">$VAR[value_poster-2]</texture>
			</control>
			<control type="image"><!-- Poster + Estojo Reflexo -->
				<include>ShowCaseThumbCaseReflect</include>
				<texture flipy="true" diffuse="thumb_box_reflect.png" background="true">$VAR[value_videocase-2]</texture>
			</control>
			<control type="image"><!-- Poster + Estojo -->
				<include>ShowCaseCase</include>
				<texture fallback="DefaultVideoPoster.png" background="true">$VAR[value_poster-2]</texture>
			</control>
			<control type="image">
				<include>WatchedShowCaseCase</include>
				<visible>StringCompare(ListItem(-2).Overlay,OverlayWatched.png)</visible>
			</control>
			<control type="image"><!-- Estojo -->
				<include>ShowCaseThumbCase</include>
				<texture>$VAR[value_videocase-2]</texture>
			</control>
			<control type="image"><!-- Codec -->
				<include>ShowCaseCodec</include>
				<texture>$VAR[value_videocodec-2]</texture>
			</control>
		</control>
	</include>
	<include name="VideoShowCaseThumb-3">
		<control type="group">
			<visible>[Skin.HasSetting(noshowcasevideocase) | Window.IsActive(1) | Container.Content(genres)]</visible>
			<include>Animation_VisibleChange</include>
			<control type="image"><!-- Poster reflexo -->
				<include>ShowCasePosterReflect</include>
				<texture flipy="true" diffuse="thumb_poster_reflect.png" fallback="DefaultVideoPoster.png" background="true">$VAR[value_poster-3]</texture>
			</control>
			<control type="image"><!-- Poster -->
				<include>ShowCasePoster</include>
				<texture diffuse="thumb_poster_diffuse.png" fallback="DefaultVideoPoster.png" background="true">$VAR[value_poster-3]</texture>
			</control>
			<control type="image">
				<include>WatchedShowCase</include>
				<visible>StringCompare(ListItem(-3).Overlay,OverlayWatched.png)</visible>
			</control>
		</control>
		<control type="group">
			<visible>!Skin.HasSetting(noshowcasevideocase) | Container.Content(genres) | Window.IsActive(1)</visible>
			<include>Animation_VisibleChange</include>
			<control type="image"><!-- Poster Reflexo -->
				<include>ShowCaseThumbReflect</include>
				<texture flipy="true" diffuse="thumb_reflect.png" fallback="DefaultVideoPoster.png" background="true">$VAR[value_poster-3]</texture>
			</control>
			<control type="image"><!-- Poster + Estojo Reflexo -->
				<include>ShowCaseThumbCaseReflect</include>
				<texture flipy="true" diffuse="thumb_box_reflect.png" background="true">$VAR[value_videocase-3]</texture>
			</control>
			<control type="image"><!-- Poster + Estojo -->
				<include>ShowCaseCase</include>
				<texture fallback="DefaultVideoPoster.png" background="true">$VAR[value_poster-3]</texture>
			</control>
			<control type="image">
				<include>WatchedShowCaseCase</include>
				<visible>StringCompare(ListItem(-3).Overlay,OverlayWatched.png)</visible>
			</control>
			<control type="image"><!-- Estojo -->
				<include>ShowCaseThumbCase</include>
				<texture>$VAR[value_videocase-3]</texture>
			</control>
			<control type="image"><!-- Codec -->
				<include>ShowCaseCodec</include>
				<texture>$VAR[value_videocodec-3]</texture>
			</control>
		</control>
	</include>
	<include name="VideoShowCaseThumb-4">
		<control type="group">
			<visible>[Skin.HasSetting(noshowcasevideocase) | Window.IsActive(1) | Container.Content(genres)]</visible>
			<include>Animation_VisibleChange</include>
			<control type="image"><!-- Poster reflexo -->
				<include>ShowCasePosterReflect</include>
				<texture flipy="true" diffuse="thumb_poster_reflect.png" fallback="DefaultVideoPoster.png" background="true">$VAR[value_poster-4]</texture>
			</control>
			<control type="image"><!-- Poster -->
				<include>ShowCasePoster</include>
				<texture diffuse="thumb_poster_diffuse.png" fallback="DefaultVideoPoster.png" background="true">$VAR[value_poster-4]</texture>
			</control>
			<control type="image">
				<include>WatchedShowCase</include>
				<visible>StringCompare(ListItem(-4).Overlay,OverlayWatched.png)</visible>
			</control>
		</control>
		<control type="group">
			<visible>!Skin.HasSetting(noshowcasevideocase) | Container.Content(genres) | Window.IsActive(1)</visible>
			<include>Animation_VisibleChange</include>
			<control type="image"><!-- Poster Reflexo -->
				<include>ShowCaseThumbReflect</include>
				<texture flipy="true" diffuse="thumb_reflect.png" fallback="DefaultVideoPoster.png" background="true">$VAR[value_poster-4]</texture>
			</control>
			<control type="image"><!-- Poster + Estojo Reflexo -->
				<include>ShowCaseThumbCaseReflect</include>
				<texture flipy="true" diffuse="thumb_box_reflect.png" background="true">$VAR[value_videocase-4]</texture>
			</control>
			<control type="image"><!-- Poster + Estojo -->
				<include>ShowCaseCase</include>
				<texture fallback="DefaultVideoPoster.png" background="true">$VAR[value_poster-4]</texture>
			</control>
			<control type="image">
				<include>WatchedShowCaseCase</include>
				<visible>StringCompare(ListItem(-4).Overlay,OverlayWatched.png)</visible>
			</control>
			<control type="image"><!-- Estojo -->
				<include>ShowCaseThumbCase</include>
				<texture>$VAR[value_videocase-4]</texture>
			</control>
			<control type="image"><!-- Codec -->
				<include>ShowCaseCodec</include>
				<texture>$VAR[value_videocodec-4]</texture>
			</control>
		</control>
	</include>
	<include name="VideoShowCaseThumb-5">
		<control type="group">
			<visible>[Skin.HasSetting(noshowcasevideocase) | Window.IsActive(1) | Container.Content(genres)]</visible>
			<include>Animation_VisibleChange</include>
			<control type="image"><!-- Poster reflexo -->
				<include>ShowCasePosterReflect</include>
				<texture flipy="true" diffuse="thumb_poster_reflect.png" fallback="DefaultVideoPoster.png" background="true">$VAR[value_poster-5]</texture>
			</control>
			<control type="image"><!-- Poster -->
				<include>ShowCasePoster</include>
				<texture diffuse="thumb_poster_diffuse.png" fallback="DefaultVideoPoster.png" background="true">$VAR[value_poster-5]</texture>
			</control>
			<control type="image">
				<include>WatchedShowCase</include>
				<visible>StringCompare(ListItem(-5).Overlay,OverlayWatched.png)</visible>
			</control>
		</control>
		<control type="group">
			<visible>!Skin.HasSetting(noshowcasevideocase) | Container.Content(genres) | Window.IsActive(1)</visible>
			<include>Animation_VisibleChange</include>
			<control type="image"><!-- Poster Reflexo -->
				<include>ShowCaseThumbReflect</include>
				<texture flipy="true" diffuse="thumb_reflect.png" fallback="DefaultVideoPoster.png" background="true">$VAR[value_poster-5]</texture>
			</control>
			<control type="image"><!-- Poster + Estojo Reflexo -->
				<include>ShowCaseThumbCaseReflect</include>
				<texture flipy="true" diffuse="thumb_box_reflect.png" background="true">$VAR[value_videocase-5]</texture>
			</control>
			<control type="image"><!-- Poster + Estojo -->
				<include>ShowCaseCase</include>
				<texture fallback="DefaultVideoPoster.png" background="true">$VAR[value_poster-5]</texture>
			</control>
			<control type="image">
				<include>WatchedShowCaseCase</include>
				<visible>StringCompare(ListItem(-5).Overlay,OverlayWatched.png)</visible>
			</control>
			<control type="image"><!-- Estojo -->
				<include>ShowCaseThumbCase</include>
				<texture>$VAR[value_videocase-5]</texture>
			</control>
			<control type="image"><!-- Codec -->
				<include>ShowCaseCodec</include>
				<texture>$VAR[value_videocodec-5]</texture>
			</control>
		</control>
	</include>
	<include name="VideoShowCaseThumb-6">
		<control type="group">
			<visible>[Skin.HasSetting(noshowcasevideocase) | Window.IsActive(1) | Container.Content(genres)]</visible>
			<include>Animation_VisibleChange</include>
			<control type="image"><!-- Poster reflexo -->
				<include>ShowCasePosterReflect</include>
				<texture flipy="true" diffuse="thumb_poster_reflect.png" fallback="DefaultVideoPoster.png" background="true">$VAR[value_poster-6]</texture>
			</control>
			<control type="image"><!-- Poster -->
				<include>ShowCasePoster</include>
				<texture diffuse="thumb_poster_diffuse.png" fallback="DefaultVideoPoster.png" background="true">$VAR[value_poster-6]</texture>
			</control>
			<control type="image">
				<include>WatchedShowCase</include>
				<visible>StringCompare(ListItem(-6).Overlay,OverlayWatched.png)</visible>
			</control>
		</control>
		<control type="group">
			<visible>!Skin.HasSetting(noshowcasevideocase) | Container.Content(genres) | Window.IsActive(1)</visible>
			<include>Animation_VisibleChange</include>
			<control type="image"><!-- Poster Reflexo -->
				<include>ShowCaseThumbReflect</include>
				<texture flipy="true" diffuse="thumb_reflect.png" fallback="DefaultVideoPoster.png" background="true">$VAR[value_poster-6]</texture>
			</control>
			<control type="image"><!-- Poster + Estojo Reflexo -->
				<include>ShowCaseThumbCaseReflect</include>
				<texture flipy="true" diffuse="thumb_box_reflect.png" background="true">$VAR[value_videocase-6]</texture>
			</control>
			<control type="image"><!-- Poster + Estojo -->
				<include>ShowCaseCase</include>
				<texture fallback="DefaultVideoPoster.png" background="true">$VAR[value_poster-6]</texture>
			</control>
			<control type="image">
				<include>WatchedShowCaseCase</include>
				<visible>StringCompare(ListItem(-6).Overlay,OverlayWatched.png)</visible>
			</control>
			<control type="image"><!-- Estojo -->
				<include>ShowCaseThumbCase</include>
				<texture>$VAR[value_videocase-6]</texture>
			</control>
			<control type="image"><!-- Codec -->
				<include>ShowCaseCodec</include>
				<texture>$VAR[value_videocodec-6]</texture>
			</control>
		</control>
	</include>
	<include name="VideoShowCaseThumb-7">
		<control type="group">
			<visible>[Skin.HasSetting(noshowcasevideocase) | Window.IsActive(1) | Container.Content(genres)]</visible>
			<include>Animation_VisibleChange</include>
			<control type="image"><!-- Poster reflexo -->
				<include>ShowCasePosterReflect</include>
				<texture flipy="true" diffuse="thumb_poster_reflect.png" fallback="DefaultVideoPoster.png" background="true">$VAR[value_poster-7]</texture>
			</control>
			<control type="image"><!-- Poster -->
				<include>ShowCasePoster</include>
				<texture diffuse="thumb_poster_diffuse.png" fallback="DefaultVideoPoster.png" background="true">$VAR[value_poster-7]</texture>
			</control>
			<control type="image">
				<include>WatchedShowCase</include>
				<visible>StringCompare(ListItem(-7).Overlay,OverlayWatched.png)</visible>
			</control>
		</control>
		<control type="group">
			<visible>!Skin.HasSetting(noshowcasevideocase) | Container.Content(genres) | Window.IsActive(1)</visible>
			<include>Animation_VisibleChange</include>
			<control type="image"><!-- Poster Reflexo -->
				<include>ShowCaseThumbReflect</include>
				<texture flipy="true" diffuse="thumb_reflect.png" fallback="DefaultVideoPoster.png" background="true">$VAR[value_poster-7]</texture>
			</control>
			<control type="image"><!-- Poster + Estojo Reflexo -->
				<include>ShowCaseThumbCaseReflect</include>
				<texture flipy="true" diffuse="thumb_box_reflect.png" background="true">$VAR[value_videocase-7]</texture>
			</control>
			<control type="image"><!-- Poster + Estojo -->
				<include>ShowCaseCase</include>
				<texture fallback="DefaultVideoPoster.png" background="true">$VAR[value_poster-7]</texture>
			</control>
			<control type="image">
				<include>WatchedShowCaseCase</include>
				<visible>StringCompare(ListItem(-7).Overlay,OverlayWatched.png)</visible>
			</control>
			<control type="image"><!-- Estojo -->
				<include>ShowCaseThumbCase</include>
				<texture>$VAR[value_videocase-7]</texture>
			</control>
			<control type="image"><!-- Codec -->
				<include>ShowCaseCodec</include>
				<texture>$VAR[value_videocodec-7]</texture>
			</control>
		</control>
	</include>
	<include name="ViewShowCaseVideo">
		<control type="group"><!-- default group -->
			<animation effect="fade" time="400">VisibleChange</animation>
			<control type="button" id="9966">
				<include>InvisibleButton</include>
				<onleft>66</onleft>
				<onright>66</onright>
				<onup>9900</onup>
				<ondown>66</ondown>
			</control>
			<visible>Control.IsVisible(66)</visible>
			<control type="group"><!-- painel de info fanart layout -->
				<animation effect="slide" start="0,-600" end="0,0" time="500" tween="sine" easing="out">Visible</animation>
				<animation effect="slide" start="0,0" end="0,-600" time="500" tween="sine" easing="out">Hidden</animation>
				<visible>[Control.HasFocus(9966) | StringCompare(skin.string(showcasevideopanel),alwayson) | StringCompare(skin.string(showcasevideopanel),auto) + Control.IsVisible(9921) | Window.IsVisible(621)] + SubString(skin.string(showcaselayout),fanart) + ![StringCompare(ListItem.Label,..) | Container.Content(years) | Container.Content(genres) | Container.Content(actors)]</visible>
				<control type="image">
					<posx>0</posx>
					<posy>56</posy>
					<width>1280</width>
					<height>30</height>
					<texture>shadow_h.png</texture>
					<colordiffuse>C3FFFFFF</colordiffuse>
				</control>
				<control type="image">
					<posx>0</posx>
					<posy>85</posy>
					<width>1280</width>
					<height>530</height>
					<texture flipy="true" diffuse="shadow_mask.png">darkgrey.png</texture>
					<colordiffuse>$VAR[value_texturecolor]</colordiffuse>
					<animation effect="fade" end="85" condition="true">Conditional</animation>
				</control>
				<control type="grouplist">
					<posx>30</posx>
					<posy>104</posy>
					<orientation>vertical</orientation>
					<itemgap>10</itemgap>
					<visible>!Container.Content(addons)</visible>
					<control type="label">
						<include>ShowCaseLabel_Fanart</include>
						<label>$VAR[value_ground11_label]: [COLOR=FFFFFAF0]$VAR[value_ground11_value][/COLOR]</label>
					</control>
					<control type="label">
						<include>ShowCaseLabel_Fanart</include>
						<label>$VAR[value_ground12_label]: [COLOR=FFFFFAF0]$VAR[value_ground12_value][/COLOR]</label>
					</control>
					<control type="label">
						<include>ShowCaseLabel_Fanart</include>
						<label>$VAR[value_ground13_label]: [COLOR=FFFFFAF0]$VAR[value_ground13_value][/COLOR]</label>
					</control>
					<control type="label">
						<include>ShowCaseLabel_Fanart</include>
						<label>$VAR[value_ground14_label]: [COLOR=FFFFFAF0]$VAR[value_ground14_value][/COLOR]</label>
					</control>
					<control type="label">
						<include>ShowCaseLabel_Fanart</include>
						<label>$VAR[value_ground15_label]: [COLOR=FFFFFAF0]$VAR[value_ground15_value][/COLOR]</label>
					</control>
					<control type="label">
						<include>ShowCaseLabel_Fanart</include>
						<label>$VAR[value_ground16_label]: [COLOR=FFFFFAF0]$VAR[value_ground16_value][/COLOR]</label>
					</control>
					<control type="label">
						<include>ShowCaseLabel_Fanart</include>
						<label>$VAR[value_ground17_label]: [COLOR=FFFFFAF0]$VAR[value_ground17_value][/COLOR]</label>
						<visible>!Container.Content(seasons)</visible>
					</control>
				</control>
				<control type="image">
					<posx>400</posx>
					<posy>85</posy>
					<width>2</width>
					<height>273</height>
					<texture>separator_v.png</texture>
				</control>
				<control type="image">
					<posx>805</posx>
					<posy>85</posy>
					<width>2</width>
					<height>273</height>
					<texture>separator_v.png</texture>
				</control>
				<control type="textbox">
					<posx>423</posx>
					<posy>104</posy>
					<width>360</width>
					<height>242</height>
					<font>Font_18A</font>
					<label>$VAR[value_plot]</label>
					<autoscroll delay="15000" time="2000" repeat="15000">!Skin.HasSetting(noallowscroll)</autoscroll>
				</control>
				<control type="image">
					<posx>0</posx>
					<posy>358</posy>
					<width>1280</width>
					<height>2</height>
					<texture>separator.png</texture>
				</control>
				<control type="image">
					<posx>790</posx>
					<posy>106</posy>
					<width>500</width>
					<height>235</height>
					<aspectratio>keep</aspectratio>
					<texture background="true">$INFO[ListItem.Art(fanart)]</texture>
					<bordertexture border="-2">black.png</bordertexture>
					<fadetime>FanartCrossFadeTime</fadetime>
				</control>
			</control>
			<control type="group"><!-- painel de info extrathumbs layout -->
				<animation effect="slide" start="0,-600" end="0,0" time="500" tween="sine" easing="out">Visible</animation>
				<animation effect="slide" start="0,0" end="0,-600" time="500" tween="sine" easing="out">Hidden</animation>
				<visible>[Control.HasFocus(9966) | StringCompare(skin.string(showcasevideopanel),alwayson) | StringCompare(skin.string(showcasevideopanel),auto) + Control.IsVisible(9921)] + SubString(skin.string(showcaselayout),extrathumbs) + ![StringCompare(ListItem.Label,..) | Container.Content(years) | Container.Content(genres) | Container.Content(actors)]</visible>
				<control type="image">
					<posx>0</posx>
					<posy>56</posy>
					<width>1280</width>
					<height>30</height>
					<texture>shadow_h.png</texture>
					<colordiffuse>C3FFFFFF</colordiffuse>
				</control>
				<control type="image">
					<posx>0</posx>
					<posy>85</posy>
					<width>1280</width>
					<height>530</height>
					<texture flipy="true" diffuse="shadow_mask.png">darkgrey.png</texture>
					<colordiffuse>$VAR[value_texturecolor]</colordiffuse>
					<animation effect="fade" end="85" condition="true">Conditional</animation>
				</control>
				<control type="image"><!-- Thumb 1 fundo -->
					<posx>15</posx>
					<posy>85</posy>
					<width>241</width>
					<height>140</height>
					<aspectratio align="left" aligny="bottom">stretch</aspectratio>
					<texture>fanartframe.png</texture>
					<colordiffuse>$VAR[value_texturecolor]</colordiffuse>
				</control>
				<control type="image"><!-- Thumb 1 -->
					<posx>20</posx>
					<posy>90</posy>
					<width>231</width>
					<height>130</height>
					<aspectratio align="left" aligny="bottom">stretch</aspectratio>
					<fadetime>FanartCrossFadeTime</fadetime>
					<texture fallback="DefaultExtraThumbs.png" background="true">$INFO[ListItem.Path,,extrathumbs/thumb1.jpg]</texture>
					<bordersize>5</bordersize>
				</control>
				<control type="image"><!-- Thumb 2 fundo -->
					<posx>15</posx>
					<posy>220</posy>
					<width>241</width>
					<height>140</height>
					<aspectratio align="left" aligny="bottom">stretch</aspectratio>
					<texture>fanartframe.png</texture>
					<colordiffuse>$VAR[value_texturecolor]</colordiffuse>
				</control>
				<control type="image"><!-- Thumb 2 -->
					<posx>20</posx>
					<posy>225</posy>
					<width>231</width>
					<height>130</height>
					<aspectratio align="left" aligny="bottom">stretch</aspectratio>
					<fadetime>FanartCrossFadeTime</fadetime>
					<texture fallback="DefaultExtraThumbs.png" background="true">$INFO[ListItem.Path,,extrathumbs/thumb2.jpg]</texture>
					<bordersize>5</bordersize>
				</control>
				<control type="image"><!-- Thumb 3 fundo -->
					<posx>1024</posx>
					<posy>85</posy>
					<width>241</width>
					<height>140</height>
					<aspectratio align="left" aligny="bottom">stretch</aspectratio>
					<texture>fanartframe.png</texture>
					<colordiffuse>$VAR[value_texturecolor]</colordiffuse>
				</control>
				<control type="image"><!-- Thumb 3 -->
					<posx>1029</posx>
					<posy>90</posy>
					<width>231</width>
					<height>130</height>
					<aspectratio align="right" aligny="bottom">stretch</aspectratio>
					<fadetime>FanartCrossFadeTime</fadetime>
					<texture fallback="DefaultExtraThumbs.png" background="true">$INFO[ListItem.Path,,extrathumbs/thumb3.jpg]</texture>
					<bordersize>5</bordersize>
				</control>
				<control type="image"><!-- Thumb 4 fundo -->
					<posx>1024</posx>
					<posy>220</posy>
					<width>241</width>
					<height>140</height>
					<aspectratio align="left" aligny="bottom">stretch</aspectratio>
					<texture>fanartframe.png</texture>
					<colordiffuse>$VAR[value_texturecolor]</colordiffuse>
				</control>
				<control type="image"><!-- Thumb 4 -->
					<posx>1029</posx>
					<posy>225</posy>
					<width>231</width>
					<height>130</height>
					<aspectratio align="right" aligny="bottom">stretch</aspectratio>
					<fadetime>FanartCrossFadeTime</fadetime>
					<texture fallback="DefaultExtraThumbs.png" background="true">$INFO[ListItem.Path,,extrathumbs/thumb4.jpg]</texture>
					<bordersize>5</bordersize>
				</control>
				<control type="label">
					<include>ShowCaseLabel_Extrathumbs</include>
					<posy>104</posy>
					<label>$VAR[value_ground1_label]</label>
				</control>
				<control type="fadelabel">
					<include>ShowCaseValue_Extrathumbs</include>
					<posy>124</posy>
					<label>$VAR[value_ground1_value]</label>
				</control>
				<control type="label">
					<include>ShowCaseLabel_Extrathumbs</include>
					<posy>154</posy>
					<label>$VAR[value_ground2_label]</label>
				</control>
				<control type="fadelabel">
					<include>ShowCaseValue_Extrathumbs</include>
					<posy>174</posy>
					<label>$VAR[value_ground2_value]</label>
				</control>
				<control type="label">
					<include>ShowCaseLabel_Extrathumbs</include>
					<posy>204</posy>
					<label>$VAR[value_ground3_label]</label>
				</control>
				<control type="fadelabel">
					<include>ShowCaseValue_Extrathumbs</include>
					<posy>224</posy>
					<label>$VAR[value_ground3_value]</label>
				</control>
				<control type="label">
					<include>ShowCaseLabel_Extrathumbs</include>
					<posy>254</posy>
					<label>$VAR[value_ground4_label]</label>
				</control>
				<control type="fadelabel">
					<include>ShowCaseValue_Extrathumbs</include>
					<posy>274</posy>
					<label>$VAR[value_ground4_value]</label>
				</control>
				<control type="label">
					<include>ShowCaseLabel_Extrathumbs</include>
					<posy>304</posy>
					<label>$VAR[value_ground5_label]</label>
				</control>
				<control type="fadelabel">
					<include>ShowCaseValue_Extrathumbs</include>
					<posy>324</posy>
					<label>$VAR[value_ground5_value]</label>
				</control>
				<control type="image">
					<posx>275</posx>
					<posy>85</posy>
					<width>2</width>
					<height>273</height>
					<texture>separator_v.png</texture>
				</control>
				<control type="image">
					<posx>640</posx>
					<posy>85</posy>
					<width>2</width>
					<height>273</height>
					<texture>separator_v.png</texture>
				</control>
				<control type="image">
					<posx>1005</posx>
					<posy>85</posy>
					<width>2</width>
					<height>273</height>
					<texture>separator_v.png</texture>
				</control>
				<control type="textbox">
					<posx>665</posx>
					<posy>104</posy>
					<width>310</width>
					<height>242</height>
					<font>Font_18A</font>
					<label>$VAR[value_plot]</label>
					<autoscroll delay="15000" time="2000" repeat="15000">!Skin.HasSetting(noallowscroll)</autoscroll>
				</control>
				<control type="image">
					<posx>0</posx>
					<posy>358</posy>
					<width>1280</width>
					<height>2</height>
					<texture>separator.png</texture>
				</control>
			</control>
			<include condition="Skin.HasSetting(ShowCasefixedlist)">MovieShowCaseFixedList</include>
			<include condition="!Skin.HasSetting(ShowCasefixedlist)">MovieShowCaseWrapList</include>
			<include>ShowCaseMovies</include>
			<control type="scrollbar" id="80">
				<include>ScrollBar_Horizontal</include>
				<posx>190</posx>
				<posy>613</posy>
				<width>900</width>
				<onup>66</onup>
				<ondown>9920</ondown>
				<include>Animation_Fade</include>
				<visible allowhiddenfocus="true">Control.IsVisible(66) + Control.HasFocus(80)</visible>
			</control>
		</control>
	</include>
</includes>